0,1,seg-1.m4s,Kbits,2187
1,1,seg-2.m4s,Kbits,1817
2,1,seg-3.m4s,Kbits,2330
3,1,seg-4.m4s,Kbits,2306
4,1,seg-5.m4s,Kbits,2377
5,1,seg-6.m4s,Kbits,2172
6,1,seg-7.m4s,Kbits,2111
7,1,seg-8.m4s,Kbits,2444
8,1,seg-9.m4s,Kbits,1925
9,1,seg-10.m4s,Kbits,1681
10,1,seg-11.m4s,Kbits,1691
11,1,seg-12.m4s,Kbits,1467
12,1,seg-13.m4s,Kbits,2247
13,1,seg-14.m4s,Kbits,2318
14,1,seg-15.m4s,Kbits,2268
15,1,seg-16.m4s,Kbits,2417
16,1,seg-17.m4s,Kbits,2279
17,1,seg-18.m4s,Kbits,2157
18,1,seg-19.m4s,Kbits,2231
19,1,seg-20.m4s,Kbits,2225
20,1,seg-21.m4s,Kbits,2302
21,1,seg-22.m4s,Kbits,2257
22,1,seg-23.m4s,Kbits,2312
23,1,seg-24.m4s,Kbits,2240
24,1,seg-25.m4s,Kbits,2200
25,1,seg-26.m4s,Kbits,2291
26,1,seg-27.m4s,Kbits,2272
27,1,seg-28.m4s,Kbits,2439
28,1,seg-29.m4s,Kbits,1474
29,1,seg-30.m4s,Kbits,1349
30,1,seg-31.m4s,Kbits,1749
31,1,seg-32.m4s,Kbits,2062
32,1,seg-33.m4s,Kbits,2111
33,1,seg-34.m4s,Kbits,2306
34,1,seg-35.m4s,Kbits,2294
35,1,seg-36.m4s,Kbits,1517
36,1,seg-37.m4s,Kbits,1928
37,1,seg-38.m4s,Kbits,2371
38,1,seg-39.m4s,Kbits,2337
39,1,seg-40.m4s,Kbits,2556
40,1,seg-41.m4s,Kbits,2112
41,1,seg-42.m4s,Kbits,2278
42,1,seg-43.m4s,Kbits,1291
43,1,seg-44.m4s,Kbits,2018
44,1,seg-45.m4s,Kbits,1379
45,1,seg-46.m4s,Kbits,1947
46,1,seg-47.m4s,Kbits,1408
47,1,seg-48.m4s,Kbits,1778
48,1,seg-49.m4s,Kbits,2021
49,1,seg-50.m4s,Kbits,1304
50,1,seg-51.m4s,Kbits,1867
51,1,seg-52.m4s,Kbits,2020
52,1,seg-53.m4s,Kbits,2035
53,1,seg-54.m4s,Kbits,1935
54,1,seg-55.m4s,Kbits,1802
55,1,seg-56.m4s,Kbits,1858
56,1,seg-57.m4s,Kbits,2294
57,1,seg-58.m4s,Kbits,2119
58,1,seg-59.m4s,Kbits,2283
59,1,seg-60.m4s,Kbits,2310
60,1,seg-61.m4s,Kbits,2245
61,1,seg-62.m4s,Kbits,2294
62,1,seg-63.m4s,Kbits,2064
63,1,seg-64.m4s,Kbits,2158
64,1,seg-65.m4s,Kbits,2268
65,1,seg-66.m4s,Kbits,2262
66,1,seg-67.m4s,Kbits,2306
67,1,seg-68.m4s,Kbits,2327
68,1,seg-69.m4s,Kbits,2200
69,1,seg-70.m4s,Kbits,2267
70,1,seg-71.m4s,Kbits,2334
71,1,seg-72.m4s,Kbits,2366
72,1,seg-73.m4s,Kbits,2139
73,1,seg-74.m4s,Kbits,2019
74,1,seg-75.m4s,Kbits,1918
75,1,seg-76.m4s,Kbits,2163
76,1,seg-77.m4s,Kbits,2175
77,1,seg-78.m4s,Kbits,2042
78,1,seg-79.m4s,Kbits,1942
79,1,seg-80.m4s,Kbits,2029
80,1,seg-81.m4s,Kbits,2106
81,1,seg-82.m4s,Kbits,2031
82,1,seg-83.m4s,Kbits,2099
83,1,seg-84.m4s,Kbits,1700
84,1,seg-85.m4s,Kbits,2468
85,1,seg-86.m4s,Kbits,1023
86,1,seg-87.m4s,Kbits,1494
87,1,seg-88.m4s,Kbits,2037
88,1,seg-89.m4s,Kbits,2392
89,1,seg-90.m4s,Kbits,2072
90,1,seg-91.m4s,Kbits,2272
91,1,seg-92.m4s,Kbits,2240
92,1,seg-93.m4s,Kbits,2130
93,1,seg-94.m4s,Kbits,2509
94,1,seg-95.m4s,Kbits,1970
95,1,seg-96.m4s,Kbits,1241
96,1,seg-97.m4s,Kbits,1855
97,1,seg-98.m4s,Kbits,2459
98,1,seg-99.m4s,Kbits,1632
99,1,seg-100.m4s,Kbits,1747
100,1,seg-101.m4s,Kbits,2084
101,1,seg-102.m4s,Kbits,1908
102,1,seg-103.m4s,Kbits,1740
103,1,seg-104.m4s,Kbits,2200
104,1,seg-105.m4s,Kbits,2208
105,1,seg-106.m4s,Kbits,2455
106,1,seg-107.m4s,Kbits,2445
107,1,seg-108.m4s,Kbits,2080
108,1,seg-109.m4s,Kbits,2181
109,1,seg-110.m4s,Kbits,2311
110,1,seg-111.m4s,Kbits,1897
111,1,seg-112.m4s,Kbits,1408
112,1,seg-113.m4s,Kbits,1675
113,1,seg-114.m4s,Kbits,2225
114,1,seg-115.m4s,Kbits,2220
115,1,seg-116.m4s,Kbits,1657
116,1,seg-117.m4s,Kbits,2042
117,1,seg-118.m4s,Kbits,1819
118,1,seg-119.m4s,Kbits,2082
119,1,seg-120.m4s,Kbits,2038
120,1,seg-121.m4s,Kbits,1982
121,1,seg-122.m4s,Kbits,2227
122,1,seg-123.m4s,Kbits,2101
123,1,seg-124.m4s,Kbits,2296
124,1,seg-125.m4s,Kbits,2293
125,1,seg-126.m4s,Kbits,1951
126,1,seg-127.m4s,Kbits,2336
127,1,seg-128.m4s,Kbits,2039
128,1,seg-129.m4s,Kbits,1680
129,1,seg-130.m4s,Kbits,2269
130,1,seg-131.m4s,Kbits,1899
131,1,seg-132.m4s,Kbits,1718
132,1,seg-133.m4s,Kbits,2019
133,1,seg-134.m4s,Kbits,2200
134,1,seg-135.m4s,Kbits,2320
135,1,seg-136.m4s,Kbits,2272
136,1,seg-137.m4s,Kbits,2359
137,1,seg-138.m4s,Kbits,2184
138,1,seg-139.m4s,Kbits,2107
139,1,seg-140.m4s,Kbits,2140
140,1,seg-141.m4s,Kbits,2208
141,1,seg-142.m4s,Kbits,2088
142,1,seg-143.m4s,Kbits,2217
143,1,seg-144.m4s,Kbits,1796
144,1,seg-145.m4s,Kbits,1963
145,1,seg-146.m4s,Kbits,1889
146,1,seg-147.m4s,Kbits,2411
147,1,seg-148.m4s,Kbits,2067
148,1,seg-149.m4s,Kbits,2022
149,1,seg-150.m4s,Kbits,1705
150,1,seg-151.m4s,Kbits,1682
151,1,seg-152.m4s,Kbits,1767
152,1,seg-153.m4s,Kbits,2096
153,1,seg-154.m4s,Kbits,2134
154,1,seg-155.m4s,Kbits,1987
155,1,seg-156.m4s,Kbits,2183
156,1,seg-157.m4s,Kbits,2260
157,1,seg-158.m4s,Kbits,2438
158,1,seg-159.m4s,Kbits,2025
159,1,seg-160.m4s,Kbits,2199
160,1,seg-161.m4s,Kbits,2508
161,1,seg-162.m4s,Kbits,1524
162,1,seg-163.m4s,Kbits,2051
163,1,seg-164.m4s,Kbits,2398
164,1,seg-165.m4s,Kbits,2260
165,1,seg-166.m4s,Kbits,2319
166,1,seg-167.m4s,Kbits,2308
167,1,seg-168.m4s,Kbits,2438
168,1,seg-169.m4s,Kbits,1973
169,1,seg-170.m4s,Kbits,977
170,1,seg-171.m4s,Kbits,1780
171,1,seg-172.m4s,Kbits,2207
172,1,seg-173.m4s,Kbits,2361
173,1,seg-174.m4s,Kbits,2323
174,1,seg-175.m4s,Kbits,2324
175,1,seg-176.m4s,Kbits,2405
176,1,seg-177.m4s,Kbits,2169
177,1,seg-178.m4s,Kbits,2226
178,1,seg-179.m4s,Kbits,2223
179,1,seg-180.m4s,Kbits,2479
180,1,seg-181.m4s,Kbits,2155
181,1,seg-182.m4s,Kbits,2097
182,1,seg-183.m4s,Kbits,2369
183,1,seg-184.m4s,Kbits,2362
184,1,seg-185.m4s,Kbits,2319
185,1,seg-186.m4s,Kbits,2047
186,1,seg-187.m4s,Kbits,2290
187,1,seg-188.m4s,Kbits,1898
188,1,seg-189.m4s,Kbits,2168
189,1,seg-190.m4s,Kbits,2133
190,1,seg-191.m4s,Kbits,2203
191,1,seg-192.m4s,Kbits,1389
192,1,seg-193.m4s,Kbits,1715
193,1,seg-194.m4s,Kbits,1221
194,1,seg-195.m4s,Kbits,1738
195,1,seg-196.m4s,Kbits,1850
196,1,seg-197.m4s,Kbits,1756
197,1,seg-198.m4s,Kbits,1749
198,1,seg-199.m4s,Kbits,1982
199,1,seg-200.m4s,Kbits,2160
200,1,seg-201.m4s,Kbits,1294
201,1,seg-202.m4s,Kbits,2043
202,1,seg-203.m4s,Kbits,1530
203,1,seg-204.m4s,Kbits,1878
204,1,seg-205.m4s,Kbits,2142
205,1,seg-206.m4s,Kbits,2160
206,1,seg-207.m4s,Kbits,2062
207,1,seg-208.m4s,Kbits,2312
208,1,seg-209.m4s,Kbits,1897
209,1,seg-210.m4s,Kbits,2112
210,1,seg-211.m4s,Kbits,2145
211,1,seg-212.m4s,Kbits,2419
212,1,seg-213.m4s,Kbits,2078
213,1,seg-214.m4s,Kbits,2563
214,1,seg-215.m4s,Kbits,1950
215,1,seg-216.m4s,Kbits,2304
216,1,seg-217.m4s,Kbits,2755
217,1,seg-218.m4s,Kbits,1928
218,1,seg-219.m4s,Kbits,2146
219,1,seg-220.m4s,Kbits,1926
220,1,seg-221.m4s,Kbits,1514
221,1,seg-222.m4s,Kbits,2225
222,1,seg-223.m4s,Kbits,2300
223,1,seg-224.m4s,Kbits,1705
224,1,seg-225.m4s,Kbits,1804
225,1,seg-226.m4s,Kbits,2047
226,1,seg-227.m4s,Kbits,2120
227,1,seg-228.m4s,Kbits,1108
228,1,seg-229.m4s,Kbits,2297
229,1,seg-230.m4s,Kbits,2486
230,1,seg-231.m4s,Kbits,1341
231,1,seg-232.m4s,Kbits,1790
232,1,seg-233.m4s,Kbits,2349
233,1,seg-234.m4s,Kbits,2265
234,1,seg-235.m4s,Kbits,2342
235,1,seg-236.m4s,Kbits,2204
236,1,seg-237.m4s,Kbits,1582
237,1,seg-238.m4s,Kbits,2187
238,1,seg-239.m4s,Kbits,1922
239,1,seg-240.m4s,Kbits,2226
240,1,seg-241.m4s,Kbits,2054
241,1,seg-242.m4s,Kbits,974
242,1,seg-243.m4s,Kbits,2010
243,1,seg-244.m4s,Kbits,1967
244,1,seg-245.m4s,Kbits,1635
245,1,seg-246.m4s,Kbits,1892
246,1,seg-247.m4s,Kbits,1588
247,1,seg-248.m4s,Kbits,1942
248,1,seg-249.m4s,Kbits,2222
249,1,seg-250.m4s,Kbits,2272
250,1,seg-251.m4s,Kbits,2273
251,1,seg-252.m4s,Kbits,2270
252,1,seg-253.m4s,Kbits,2323
253,1,seg-254.m4s,Kbits,2494
254,1,seg-255.m4s,Kbits,2246
255,1,seg-256.m4s,Kbits,2388
256,1,seg-257.m4s,Kbits,2330
257,1,seg-258.m4s,Kbits,2292
258,1,seg-259.m4s,Kbits,2281
259,1,seg-260.m4s,Kbits,2362
260,1,seg-261.m4s,Kbits,2362
261,1,seg-262.m4s,Kbits,2466
262,1,seg-263.m4s,Kbits,2109
263,1,seg-264.m4s,Kbits,2293
264,1,seg-265.m4s,Kbits,2274
265,1,seg-266.m4s,Kbits,2270
266,1,seg-267.m4s,Kbits,2153
267,1,seg-268.m4s,Kbits,2314
268,1,seg-269.m4s,Kbits,2287
269,1,seg-270.m4s,Kbits,2304
270,1,seg-271.m4s,Kbits,2227
271,1,seg-272.m4s,Kbits,2251
272,1,seg-273.m4s,Kbits,2284
273,1,seg-274.m4s,Kbits,2271
274,1,seg-275.m4s,Kbits,2234
275,1,seg-276.m4s,Kbits,2274
276,1,seg-277.m4s,Kbits,2274
277,1,seg-278.m4s,Kbits,2288
278,1,seg-279.m4s,Kbits,2277
279,1,seg-280.m4s,Kbits,2281
280,1,seg-281.m4s,Kbits,2231
281,1,seg-282.m4s,Kbits,2296
282,1,seg-283.m4s,Kbits,2401
283,1,seg-284.m4s,Kbits,2379
284,1,seg-285.m4s,Kbits,2511
285,1,seg-286.m4s,Kbits,2051
286,1,seg-287.m4s,Kbits,2257
287,1,seg-288.m4s,Kbits,2222
288,1,seg-289.m4s,Kbits,2082
289,1,seg-290.m4s,Kbits,1549
290,1,seg-291.m4s,Kbits,464
291,1,seg-292.m4s,Kbits,1706
292,1,seg-293.m4s,Kbits,1277
293,1,seg-294.m4s,Kbits,791
294,1,seg-295.m4s,Kbits,1626
295,1,seg-296.m4s,Kbits,1774
296,1,seg-297.m4s,Kbits,1979
297,1,seg-298.m4s,Kbits,1900
298,1,seg-299.m4s,Kbits,497
299,2,seg-1.m4s,Kbits,2779
300,2,seg-2.m4s,Kbits,2269
301,2,seg-3.m4s,Kbits,2897
302,2,seg-4.m4s,Kbits,2874
303,2,seg-5.m4s,Kbits,2961
304,2,seg-6.m4s,Kbits,2765
305,2,seg-7.m4s,Kbits,2546
306,2,seg-8.m4s,Kbits,3102
307,2,seg-9.m4s,Kbits,2223
308,2,seg-10.m4s,Kbits,1787
309,2,seg-11.m4s,Kbits,1851
310,2,seg-12.m4s,Kbits,1700
311,2,seg-13.m4s,Kbits,2715
312,2,seg-14.m4s,Kbits,2822
313,2,seg-15.m4s,Kbits,2804
314,2,seg-16.m4s,Kbits,3068
315,2,seg-17.m4s,Kbits,2840
316,2,seg-18.m4s,Kbits,2661
317,2,seg-19.m4s,Kbits,2811
318,2,seg-20.m4s,Kbits,2845
319,2,seg-21.m4s,Kbits,2854
320,2,seg-22.m4s,Kbits,2835
321,2,seg-23.m4s,Kbits,2917
322,2,seg-24.m4s,Kbits,2962
323,2,seg-25.m4s,Kbits,2800
324,2,seg-26.m4s,Kbits,2800
325,2,seg-27.m4s,Kbits,2909
326,2,seg-28.m4s,Kbits,3049
327,2,seg-29.m4s,Kbits,1549
328,2,seg-30.m4s,Kbits,1425
329,2,seg-31.m4s,Kbits,1990
330,2,seg-32.m4s,Kbits,2172
331,2,seg-33.m4s,Kbits,2609
332,2,seg-34.m4s,Kbits,2905
333,2,seg-35.m4s,Kbits,2845
334,2,seg-36.m4s,Kbits,1620
335,2,seg-37.m4s,Kbits,1994
336,2,seg-38.m4s,Kbits,2920
337,2,seg-39.m4s,Kbits,2893
338,2,seg-40.m4s,Kbits,3229
339,2,seg-41.m4s,Kbits,2635
340,2,seg-42.m4s,Kbits,2642
341,2,seg-43.m4s,Kbits,1276
342,2,seg-44.m4s,Kbits,2060
343,2,seg-45.m4s,Kbits,1503
344,2,seg-46.m4s,Kbits,2349
345,2,seg-47.m4s,Kbits,1319
346,2,seg-48.m4s,Kbits,1793
347,2,seg-49.m4s,Kbits,2146
348,2,seg-50.m4s,Kbits,1509
349,2,seg-51.m4s,Kbits,2287
350,2,seg-52.m4s,Kbits,2415
351,2,seg-53.m4s,Kbits,2103
352,2,seg-54.m4s,Kbits,2079
353,2,seg-55.m4s,Kbits,1925
354,2,seg-56.m4s,Kbits,1873
355,2,seg-57.m4s,Kbits,2854
356,2,seg-58.m4s,Kbits,2662
357,2,seg-59.m4s,Kbits,2823
358,2,seg-60.m4s,Kbits,2930
359,2,seg-61.m4s,Kbits,2739
360,2,seg-62.m4s,Kbits,2891
361,2,seg-63.m4s,Kbits,2339
362,2,seg-64.m4s,Kbits,2713
363,2,seg-65.m4s,Kbits,2658
364,2,seg-66.m4s,Kbits,2899
365,2,seg-67.m4s,Kbits,2955
366,2,seg-68.m4s,Kbits,2903
367,2,seg-69.m4s,Kbits,2848
368,2,seg-70.m4s,Kbits,2859
369,2,seg-71.m4s,Kbits,2926
370,2,seg-72.m4s,Kbits,2963
371,2,seg-73.m4s,Kbits,2535
372,2,seg-74.m4s,Kbits,2379
373,2,seg-75.m4s,Kbits,2177
374,2,seg-76.m4s,Kbits,2642
375,2,seg-77.m4s,Kbits,2712
376,2,seg-78.m4s,Kbits,2337
377,2,seg-79.m4s,Kbits,1889
378,2,seg-80.m4s,Kbits,2170
379,2,seg-81.m4s,Kbits,2579
380,2,seg-82.m4s,Kbits,2485
381,2,seg-83.m4s,Kbits,2634
382,2,seg-84.m4s,Kbits,1878
383,2,seg-85.m4s,Kbits,2837
384,2,seg-86.m4s,Kbits,1058
385,2,seg-87.m4s,Kbits,1529
386,2,seg-88.m4s,Kbits,2264
387,2,seg-89.m4s,Kbits,2999
388,2,seg-90.m4s,Kbits,2403
389,2,seg-91.m4s,Kbits,2866
390,2,seg-92.m4s,Kbits,2784
391,2,seg-93.m4s,Kbits,2596
392,2,seg-94.m4s,Kbits,3181
393,2,seg-95.m4s,Kbits,2442
394,2,seg-96.m4s,Kbits,1193
395,2,seg-97.m4s,Kbits,2403
396,2,seg-98.m4s,Kbits,3061
397,2,seg-99.m4s,Kbits,1955
398,2,seg-100.m4s,Kbits,1996
399,2,seg-101.m4s,Kbits,2589
400,2,seg-102.m4s,Kbits,2015
401,2,seg-103.m4s,Kbits,1916
402,2,seg-104.m4s,Kbits,2676
403,2,seg-105.m4s,Kbits,2723
404,2,seg-106.m4s,Kbits,3051
405,2,seg-107.m4s,Kbits,3058
406,2,seg-108.m4s,Kbits,2367
407,2,seg-109.m4s,Kbits,2570
408,2,seg-110.m4s,Kbits,2823
409,2,seg-111.m4s,Kbits,2300
410,2,seg-112.m4s,Kbits,1560
411,2,seg-113.m4s,Kbits,1640
412,2,seg-114.m4s,Kbits,2804
413,2,seg-115.m4s,Kbits,2539
414,2,seg-116.m4s,Kbits,2027
415,2,seg-117.m4s,Kbits,2530
416,2,seg-118.m4s,Kbits,1911
417,2,seg-119.m4s,Kbits,2180
418,2,seg-120.m4s,Kbits,2119
419,2,seg-121.m4s,Kbits,2191
420,2,seg-122.m4s,Kbits,2876
421,2,seg-123.m4s,Kbits,2565
422,2,seg-124.m4s,Kbits,2883
423,2,seg-125.m4s,Kbits,2857
424,2,seg-126.m4s,Kbits,2265
425,2,seg-127.m4s,Kbits,2944
426,2,seg-128.m4s,Kbits,2480
427,2,seg-129.m4s,Kbits,1849
428,2,seg-130.m4s,Kbits,2928
429,2,seg-131.m4s,Kbits,2336
430,2,seg-132.m4s,Kbits,2014
431,2,seg-133.m4s,Kbits,2388
432,2,seg-134.m4s,Kbits,2752
433,2,seg-135.m4s,Kbits,2851
434,2,seg-136.m4s,Kbits,2832
435,2,seg-137.m4s,Kbits,2987
436,2,seg-138.m4s,Kbits,2748
437,2,seg-139.m4s,Kbits,2430
438,2,seg-140.m4s,Kbits,2691
439,2,seg-141.m4s,Kbits,2779
440,2,seg-142.m4s,Kbits,2617
441,2,seg-143.m4s,Kbits,2700
442,2,seg-144.m4s,Kbits,2451
443,2,seg-145.m4s,Kbits,2612
444,2,seg-146.m4s,Kbits,2197
445,2,seg-147.m4s,Kbits,2907
446,2,seg-148.m4s,Kbits,2621
447,2,seg-149.m4s,Kbits,2320
448,2,seg-150.m4s,Kbits,2073
449,2,seg-151.m4s,Kbits,1967
450,2,seg-152.m4s,Kbits,2246
451,2,seg-153.m4s,Kbits,2671
452,2,seg-154.m4s,Kbits,2723
453,2,seg-155.m4s,Kbits,2511
454,2,seg-156.m4s,Kbits,2683
455,2,seg-157.m4s,Kbits,2868
456,2,seg-158.m4s,Kbits,3077
457,2,seg-159.m4s,Kbits,2535
458,2,seg-160.m4s,Kbits,2735
459,2,seg-161.m4s,Kbits,3174
460,2,seg-162.m4s,Kbits,1750
461,2,seg-163.m4s,Kbits,2586
462,2,seg-164.m4s,Kbits,3049
463,2,seg-165.m4s,Kbits,2868
464,2,seg-166.m4s,Kbits,2895
465,2,seg-167.m4s,Kbits,2754
466,2,seg-168.m4s,Kbits,3075
467,2,seg-169.m4s,Kbits,2384
468,2,seg-170.m4s,Kbits,985
469,2,seg-171.m4s,Kbits,2316
470,2,seg-172.m4s,Kbits,2839
471,2,seg-173.m4s,Kbits,2937
472,2,seg-174.m4s,Kbits,2930
473,2,seg-175.m4s,Kbits,2905
474,2,seg-176.m4s,Kbits,3029
475,2,seg-177.m4s,Kbits,2794
476,2,seg-178.m4s,Kbits,2836
477,2,seg-179.m4s,Kbits,2769
478,2,seg-180.m4s,Kbits,3105
479,2,seg-181.m4s,Kbits,2793
480,2,seg-182.m4s,Kbits,2427
481,2,seg-183.m4s,Kbits,2991
482,2,seg-184.m4s,Kbits,3004
483,2,seg-185.m4s,Kbits,2856
484,2,seg-186.m4s,Kbits,2480
485,2,seg-187.m4s,Kbits,2613
486,2,seg-188.m4s,Kbits,2064
487,2,seg-189.m4s,Kbits,2768
488,2,seg-190.m4s,Kbits,2523
489,2,seg-191.m4s,Kbits,2755
490,2,seg-192.m4s,Kbits,1402
491,2,seg-193.m4s,Kbits,1825
492,2,seg-194.m4s,Kbits,1202
493,2,seg-195.m4s,Kbits,1852
494,2,seg-196.m4s,Kbits,2294
495,2,seg-197.m4s,Kbits,2378
496,2,seg-198.m4s,Kbits,2108
497,2,seg-199.m4s,Kbits,2100
498,2,seg-200.m4s,Kbits,2537
499,2,seg-201.m4s,Kbits,1380
500,2,seg-202.m4s,Kbits,2216
501,2,seg-203.m4s,Kbits,2264
502,2,seg-204.m4s,Kbits,2302
503,2,seg-205.m4s,Kbits,2426
504,2,seg-206.m4s,Kbits,2745
505,2,seg-207.m4s,Kbits,2651
506,2,seg-208.m4s,Kbits,2884
507,2,seg-209.m4s,Kbits,2346
508,2,seg-210.m4s,Kbits,2599
509,2,seg-211.m4s,Kbits,2822
510,2,seg-212.m4s,Kbits,3016
511,2,seg-213.m4s,Kbits,2548
512,2,seg-214.m4s,Kbits,3149
513,2,seg-215.m4s,Kbits,2438
514,2,seg-216.m4s,Kbits,2902
515,2,seg-217.m4s,Kbits,3458
516,2,seg-218.m4s,Kbits,2460
517,2,seg-219.m4s,Kbits,2675
518,2,seg-220.m4s,Kbits,2140
519,2,seg-221.m4s,Kbits,1685
520,2,seg-222.m4s,Kbits,2764
521,2,seg-223.m4s,Kbits,2778
522,2,seg-224.m4s,Kbits,1984
523,2,seg-225.m4s,Kbits,1785
524,2,seg-226.m4s,Kbits,2321
525,2,seg-227.m4s,Kbits,2618
526,2,seg-228.m4s,Kbits,1124
527,2,seg-229.m4s,Kbits,2733
528,2,seg-230.m4s,Kbits,3011
529,2,seg-231.m4s,Kbits,1537
530,2,seg-232.m4s,Kbits,2295
531,2,seg-233.m4s,Kbits,2956
532,2,seg-234.m4s,Kbits,2858
533,2,seg-235.m4s,Kbits,2991
534,2,seg-236.m4s,Kbits,2787
535,2,seg-237.m4s,Kbits,1704
536,2,seg-238.m4s,Kbits,2632
537,2,seg-239.m4s,Kbits,2057
538,2,seg-240.m4s,Kbits,2600
539,2,seg-241.m4s,Kbits,2330
540,2,seg-242.m4s,Kbits,1076
541,2,seg-243.m4s,Kbits,2123
542,2,seg-244.m4s,Kbits,2204
543,2,seg-245.m4s,Kbits,1743
544,2,seg-246.m4s,Kbits,2356
545,2,seg-247.m4s,Kbits,1741
546,2,seg-248.m4s,Kbits,2345
547,2,seg-249.m4s,Kbits,2440
548,2,seg-250.m4s,Kbits,2670
549,2,seg-251.m4s,Kbits,2910
550,2,seg-252.m4s,Kbits,2855
551,2,seg-253.m4s,Kbits,2883
552,2,seg-254.m4s,Kbits,3179
553,2,seg-255.m4s,Kbits,2779
554,2,seg-256.m4s,Kbits,2922
555,2,seg-257.m4s,Kbits,2945
556,2,seg-258.m4s,Kbits,2878
557,2,seg-259.m4s,Kbits,2776
558,2,seg-260.m4s,Kbits,2822
559,2,seg-261.m4s,Kbits,2988
560,2,seg-262.m4s,Kbits,3062
561,2,seg-263.m4s,Kbits,2733
562,2,seg-264.m4s,Kbits,2780
563,2,seg-265.m4s,Kbits,2822
564,2,seg-266.m4s,Kbits,2827
565,2,seg-267.m4s,Kbits,2599
566,2,seg-268.m4s,Kbits,2821
567,2,seg-269.m4s,Kbits,2840
568,2,seg-270.m4s,Kbits,2886
569,2,seg-271.m4s,Kbits,2847
570,2,seg-272.m4s,Kbits,2855
571,2,seg-273.m4s,Kbits,2868
572,2,seg-274.m4s,Kbits,2851
573,2,seg-275.m4s,Kbits,2740
574,2,seg-276.m4s,Kbits,2823
575,2,seg-277.m4s,Kbits,2851
576,2,seg-278.m4s,Kbits,2895
577,2,seg-279.m4s,Kbits,2892
578,2,seg-280.m4s,Kbits,2870
579,2,seg-281.m4s,Kbits,2892
580,2,seg-282.m4s,Kbits,2920
581,2,seg-283.m4s,Kbits,3047
582,2,seg-284.m4s,Kbits,2906
583,2,seg-285.m4s,Kbits,3175
584,2,seg-286.m4s,Kbits,2180
585,2,seg-287.m4s,Kbits,2765
586,2,seg-288.m4s,Kbits,2453
587,2,seg-289.m4s,Kbits,2623
588,2,seg-290.m4s,Kbits,1687
589,2,seg-291.m4s,Kbits,497
590,2,seg-292.m4s,Kbits,1709
591,2,seg-293.m4s,Kbits,1282
592,2,seg-294.m4s,Kbits,796
593,2,seg-295.m4s,Kbits,1636
594,2,seg-296.m4s,Kbits,1812
595,2,seg-297.m4s,Kbits,2022
596,2,seg-298.m4s,Kbits,2019
597,2,seg-299.m4s,Kbits,540
598,3,seg-1.m4s,Kbits,3389
599,3,seg-2.m4s,Kbits,3030
600,3,seg-3.m4s,Kbits,3944
601,3,seg-4.m4s,Kbits,3697
602,3,seg-5.m4s,Kbits,4027
603,3,seg-6.m4s,Kbits,3562
604,3,seg-7.m4s,Kbits,3439
605,3,seg-8.m4s,Kbits,4167
606,3,seg-9.m4s,Kbits,2435
607,3,seg-10.m4s,Kbits,1903
608,3,seg-11.m4s,Kbits,2110
609,3,seg-12.m4s,Kbits,2023
610,3,seg-13.m4s,Kbits,3790
611,3,seg-14.m4s,Kbits,3800
612,3,seg-15.m4s,Kbits,3718
613,3,seg-16.m4s,Kbits,4144
614,3,seg-17.m4s,Kbits,3730
615,3,seg-18.m4s,Kbits,3615
616,3,seg-19.m4s,Kbits,3669
617,3,seg-20.m4s,Kbits,3806
618,3,seg-21.m4s,Kbits,3896
619,3,seg-22.m4s,Kbits,3633
620,3,seg-23.m4s,Kbits,3823
621,3,seg-24.m4s,Kbits,3712
622,3,seg-25.m4s,Kbits,3735
623,3,seg-26.m4s,Kbits,3682
624,3,seg-27.m4s,Kbits,3835
625,3,seg-28.m4s,Kbits,4104
626,3,seg-29.m4s,Kbits,1664
627,3,seg-30.m4s,Kbits,1467
628,3,seg-31.m4s,Kbits,2124
629,3,seg-32.m4s,Kbits,2334
630,3,seg-33.m4s,Kbits,2872
631,3,seg-34.m4s,Kbits,3898
632,3,seg-35.m4s,Kbits,3519
633,3,seg-36.m4s,Kbits,2055
634,3,seg-37.m4s,Kbits,2260
635,3,seg-38.m4s,Kbits,3927
636,3,seg-39.m4s,Kbits,3929
637,3,seg-40.m4s,Kbits,4257
638,3,seg-41.m4s,Kbits,3465
639,3,seg-42.m4s,Kbits,3120
640,3,seg-43.m4s,Kbits,1382
641,3,seg-44.m4s,Kbits,2159
642,3,seg-45.m4s,Kbits,1812
643,3,seg-46.m4s,Kbits,2738
644,3,seg-47.m4s,Kbits,1248
645,3,seg-48.m4s,Kbits,1929
646,3,seg-49.m4s,Kbits,2291
647,3,seg-50.m4s,Kbits,1620
648,3,seg-51.m4s,Kbits,2854
649,3,seg-52.m4s,Kbits,2554
650,3,seg-53.m4s,Kbits,2191
651,3,seg-54.m4s,Kbits,2099
652,3,seg-55.m4s,Kbits,1967
653,3,seg-56.m4s,Kbits,1928
654,3,seg-57.m4s,Kbits,3591
655,3,seg-58.m4s,Kbits,3453
656,3,seg-59.m4s,Kbits,3751
657,3,seg-60.m4s,Kbits,3929
658,3,seg-61.m4s,Kbits,3447
659,3,seg-62.m4s,Kbits,3569
660,3,seg-63.m4s,Kbits,2508
661,3,seg-64.m4s,Kbits,3421
662,3,seg-65.m4s,Kbits,2954
663,3,seg-66.m4s,Kbits,3315
664,3,seg-67.m4s,Kbits,3509
665,3,seg-68.m4s,Kbits,3836
666,3,seg-69.m4s,Kbits,3548
667,3,seg-70.m4s,Kbits,3787
668,3,seg-71.m4s,Kbits,3623
669,3,seg-72.m4s,Kbits,3995
670,3,seg-73.m4s,Kbits,2886
671,3,seg-74.m4s,Kbits,3083
672,3,seg-75.m4s,Kbits,3044
673,3,seg-76.m4s,Kbits,3296
674,3,seg-77.m4s,Kbits,3668
675,3,seg-78.m4s,Kbits,2809
676,3,seg-79.m4s,Kbits,1874
677,3,seg-80.m4s,Kbits,2267
678,3,seg-81.m4s,Kbits,3178
679,3,seg-82.m4s,Kbits,3230
680,3,seg-83.m4s,Kbits,3310
681,3,seg-84.m4s,Kbits,2095
682,3,seg-85.m4s,Kbits,3294
683,3,seg-86.m4s,Kbits,1071
684,3,seg-87.m4s,Kbits,1535
685,3,seg-88.m4s,Kbits,2286
686,3,seg-89.m4s,Kbits,3942
687,3,seg-90.m4s,Kbits,2617
688,3,seg-91.m4s,Kbits,3736
689,3,seg-92.m4s,Kbits,3752
690,3,seg-93.m4s,Kbits,3233
691,3,seg-94.m4s,Kbits,4211
692,3,seg-95.m4s,Kbits,3057
693,3,seg-96.m4s,Kbits,1206
694,3,seg-97.m4s,Kbits,3453
695,3,seg-98.m4s,Kbits,3713
696,3,seg-99.m4s,Kbits,2479
697,3,seg-100.m4s,Kbits,2209
698,3,seg-101.m4s,Kbits,3044
699,3,seg-102.m4s,Kbits,2180
700,3,seg-103.m4s,Kbits,1977
701,3,seg-104.m4s,Kbits,2932
702,3,seg-105.m4s,Kbits,3346
703,3,seg-106.m4s,Kbits,4090
704,3,seg-107.m4s,Kbits,4099
705,3,seg-108.m4s,Kbits,2558
706,3,seg-109.m4s,Kbits,2876
707,3,seg-110.m4s,Kbits,3329
708,3,seg-111.m4s,Kbits,2670
709,3,seg-112.m4s,Kbits,1419
710,3,seg-113.m4s,Kbits,3130
711,3,seg-114.m4s,Kbits,3856
712,3,seg-115.m4s,Kbits,2915
713,3,seg-116.m4s,Kbits,2272
714,3,seg-117.m4s,Kbits,2839
715,3,seg-118.m4s,Kbits,1985
716,3,seg-119.m4s,Kbits,2204
717,3,seg-120.m4s,Kbits,2116
718,3,seg-121.m4s,Kbits,2327
719,3,seg-122.m4s,Kbits,3823
720,3,seg-123.m4s,Kbits,3506
721,3,seg-124.m4s,Kbits,3841
722,3,seg-125.m4s,Kbits,3821
723,3,seg-126.m4s,Kbits,2573
724,3,seg-127.m4s,Kbits,3816
725,3,seg-128.m4s,Kbits,2856
726,3,seg-129.m4s,Kbits,2188
727,3,seg-130.m4s,Kbits,3845
728,3,seg-131.m4s,Kbits,2837
729,3,seg-132.m4s,Kbits,2468
730,3,seg-133.m4s,Kbits,2826
731,3,seg-134.m4s,Kbits,3217
732,3,seg-135.m4s,Kbits,3642
733,3,seg-136.m4s,Kbits,3678
734,3,seg-137.m4s,Kbits,3920
735,3,seg-138.m4s,Kbits,3534
736,3,seg-139.m4s,Kbits,3005
737,3,seg-140.m4s,Kbits,3644
738,3,seg-141.m4s,Kbits,3600
739,3,seg-142.m4s,Kbits,3480
740,3,seg-143.m4s,Kbits,3559
741,3,seg-144.m4s,Kbits,2665
742,3,seg-145.m4s,Kbits,2802
743,3,seg-146.m4s,Kbits,2315
744,3,seg-147.m4s,Kbits,3731
745,3,seg-148.m4s,Kbits,3459
746,3,seg-149.m4s,Kbits,2676
747,3,seg-150.m4s,Kbits,2410
748,3,seg-151.m4s,Kbits,2456
749,3,seg-152.m4s,Kbits,3123
750,3,seg-153.m4s,Kbits,3615
751,3,seg-154.m4s,Kbits,3433
752,3,seg-155.m4s,Kbits,3480
753,3,seg-156.m4s,Kbits,3640
754,3,seg-157.m4s,Kbits,3830
755,3,seg-158.m4s,Kbits,4154
756,3,seg-159.m4s,Kbits,3293
757,3,seg-160.m4s,Kbits,3498
758,3,seg-161.m4s,Kbits,4227
759,3,seg-162.m4s,Kbits,2123
760,3,seg-163.m4s,Kbits,3515
761,3,seg-164.m4s,Kbits,4074
762,3,seg-165.m4s,Kbits,3613
763,3,seg-166.m4s,Kbits,3673
764,3,seg-167.m4s,Kbits,3047
765,3,seg-168.m4s,Kbits,3767
766,3,seg-169.m4s,Kbits,2976
767,3,seg-170.m4s,Kbits,1365
768,3,seg-171.m4s,Kbits,3094
769,3,seg-172.m4s,Kbits,3865
770,3,seg-173.m4s,Kbits,3927
771,3,seg-174.m4s,Kbits,3945
772,3,seg-175.m4s,Kbits,3871
773,3,seg-176.m4s,Kbits,4089
774,3,seg-177.m4s,Kbits,3660
775,3,seg-178.m4s,Kbits,3722
776,3,seg-179.m4s,Kbits,3720
777,3,seg-180.m4s,Kbits,4169
778,3,seg-181.m4s,Kbits,3654
779,3,seg-182.m4s,Kbits,3424
780,3,seg-183.m4s,Kbits,4056
781,3,seg-184.m4s,Kbits,3964
782,3,seg-185.m4s,Kbits,3850
783,3,seg-186.m4s,Kbits,3122
784,3,seg-187.m4s,Kbits,3111
785,3,seg-188.m4s,Kbits,2554
786,3,seg-189.m4s,Kbits,3210
787,3,seg-190.m4s,Kbits,3091
788,3,seg-191.m4s,Kbits,3592
789,3,seg-192.m4s,Kbits,1489
790,3,seg-193.m4s,Kbits,2019
791,3,seg-194.m4s,Kbits,1322
792,3,seg-195.m4s,Kbits,1988
793,3,seg-196.m4s,Kbits,2628
794,3,seg-197.m4s,Kbits,2867
795,3,seg-198.m4s,Kbits,2547
796,3,seg-199.m4s,Kbits,2159
797,3,seg-200.m4s,Kbits,2961
798,3,seg-201.m4s,Kbits,1481
799,3,seg-202.m4s,Kbits,2329
800,3,seg-203.m4s,Kbits,2940
801,3,seg-204.m4s,Kbits,2578
802,3,seg-205.m4s,Kbits,2598
803,3,seg-206.m4s,Kbits,3564
804,3,seg-207.m4s,Kbits,3234
805,3,seg-208.m4s,Kbits,3767
806,3,seg-209.m4s,Kbits,2875
807,3,seg-210.m4s,Kbits,2776
808,3,seg-211.m4s,Kbits,3921
809,3,seg-212.m4s,Kbits,4038
810,3,seg-213.m4s,Kbits,3062
811,3,seg-214.m4s,Kbits,4128
812,3,seg-215.m4s,Kbits,2718
813,3,seg-216.m4s,Kbits,3880
814,3,seg-217.m4s,Kbits,4603
815,3,seg-218.m4s,Kbits,3103
816,3,seg-219.m4s,Kbits,3465
817,3,seg-220.m4s,Kbits,2335
818,3,seg-221.m4s,Kbits,1766
819,3,seg-222.m4s,Kbits,3652
820,3,seg-223.m4s,Kbits,3853
821,3,seg-224.m4s,Kbits,2001
822,3,seg-225.m4s,Kbits,1810
823,3,seg-226.m4s,Kbits,2681
824,3,seg-227.m4s,Kbits,3250
825,3,seg-228.m4s,Kbits,1184
826,3,seg-229.m4s,Kbits,3048
827,3,seg-230.m4s,Kbits,3336
828,3,seg-231.m4s,Kbits,1820
829,3,seg-232.m4s,Kbits,3078
830,3,seg-233.m4s,Kbits,4039
831,3,seg-234.m4s,Kbits,3840
832,3,seg-235.m4s,Kbits,4054
833,3,seg-236.m4s,Kbits,3501
834,3,seg-237.m4s,Kbits,1983
835,3,seg-238.m4s,Kbits,2996
836,3,seg-239.m4s,Kbits,2143
837,3,seg-240.m4s,Kbits,2917
838,3,seg-241.m4s,Kbits,2482
839,3,seg-242.m4s,Kbits,1167
840,3,seg-243.m4s,Kbits,2267
841,3,seg-244.m4s,Kbits,2307
842,3,seg-245.m4s,Kbits,1991
843,3,seg-246.m4s,Kbits,3015
844,3,seg-247.m4s,Kbits,2115
845,3,seg-248.m4s,Kbits,2476
846,3,seg-249.m4s,Kbits,2540
847,3,seg-250.m4s,Kbits,2644
848,3,seg-251.m4s,Kbits,3329
849,3,seg-252.m4s,Kbits,3743
850,3,seg-253.m4s,Kbits,3850
851,3,seg-254.m4s,Kbits,4199
852,3,seg-255.m4s,Kbits,3724
853,3,seg-256.m4s,Kbits,4018
854,3,seg-257.m4s,Kbits,3828
855,3,seg-258.m4s,Kbits,3916
856,3,seg-259.m4s,Kbits,3804
857,3,seg-260.m4s,Kbits,3887
858,3,seg-261.m4s,Kbits,3996
859,3,seg-262.m4s,Kbits,4031
860,3,seg-263.m4s,Kbits,3652
861,3,seg-264.m4s,Kbits,3750
862,3,seg-265.m4s,Kbits,3784
863,3,seg-266.m4s,Kbits,3773
864,3,seg-267.m4s,Kbits,3501
865,3,seg-268.m4s,Kbits,3821
866,3,seg-269.m4s,Kbits,3776
867,3,seg-270.m4s,Kbits,3938
868,3,seg-271.m4s,Kbits,3883
869,3,seg-272.m4s,Kbits,3916
870,3,seg-273.m4s,Kbits,3805
871,3,seg-274.m4s,Kbits,3847
872,3,seg-275.m4s,Kbits,3761
873,3,seg-276.m4s,Kbits,3833
874,3,seg-277.m4s,Kbits,3984
875,3,seg-278.m4s,Kbits,3954
876,3,seg-279.m4s,Kbits,3933
877,3,seg-280.m4s,Kbits,3944
878,3,seg-281.m4s,Kbits,4019
879,3,seg-282.m4s,Kbits,3994
880,3,seg-283.m4s,Kbits,4004
881,3,seg-284.m4s,Kbits,3790
882,3,seg-285.m4s,Kbits,4069
883,3,seg-286.m4s,Kbits,2291
884,3,seg-287.m4s,Kbits,2904
885,3,seg-288.m4s,Kbits,2532
886,3,seg-289.m4s,Kbits,2800
887,3,seg-290.m4s,Kbits,1847
888,3,seg-291.m4s,Kbits,546
889,3,seg-292.m4s,Kbits,1731
890,3,seg-293.m4s,Kbits,1284
891,3,seg-294.m4s,Kbits,784
892,3,seg-295.m4s,Kbits,1632
893,3,seg-296.m4s,Kbits,1831
894,3,seg-297.m4s,Kbits,2052
895,3,seg-298.m4s,Kbits,2035
896,3,seg-299.m4s,Kbits,598
897,4,seg-1.m4s,Kbits,4452
898,4,seg-2.m4s,Kbits,3817
899,4,seg-3.m4s,Kbits,4705
900,4,seg-4.m4s,Kbits,4829
901,4,seg-5.m4s,Kbits,4901
902,4,seg-6.m4s,Kbits,4796
903,4,seg-7.m4s,Kbits,4357
904,4,seg-8.m4s,Kbits,5289
905,4,seg-9.m4s,Kbits,3875
906,4,seg-10.m4s,Kbits,3385
907,4,seg-11.m4s,Kbits,3371
908,4,seg-12.m4s,Kbits,2921
909,4,seg-13.m4s,Kbits,4761
910,4,seg-14.m4s,Kbits,4810
911,4,seg-15.m4s,Kbits,4779
912,4,seg-16.m4s,Kbits,5026
913,4,seg-17.m4s,Kbits,4868
914,4,seg-18.m4s,Kbits,4414
915,4,seg-19.m4s,Kbits,4812
916,4,seg-20.m4s,Kbits,4774
917,4,seg-21.m4s,Kbits,4666
918,4,seg-22.m4s,Kbits,4708
919,4,seg-23.m4s,Kbits,4901
920,4,seg-24.m4s,Kbits,4542
921,4,seg-25.m4s,Kbits,4621
922,4,seg-26.m4s,Kbits,4758
923,4,seg-27.m4s,Kbits,4703
924,4,seg-28.m4s,Kbits,5241
925,4,seg-29.m4s,Kbits,2767
926,4,seg-30.m4s,Kbits,2808
927,4,seg-31.m4s,Kbits,3826
928,4,seg-32.m4s,Kbits,4646
929,4,seg-33.m4s,Kbits,4456
930,4,seg-34.m4s,Kbits,4865
931,4,seg-35.m4s,Kbits,4665
932,4,seg-36.m4s,Kbits,3080
933,4,seg-37.m4s,Kbits,3805
934,4,seg-38.m4s,Kbits,4970
935,4,seg-39.m4s,Kbits,4851
936,4,seg-40.m4s,Kbits,5355
937,4,seg-41.m4s,Kbits,4327
938,4,seg-42.m4s,Kbits,4539
939,4,seg-43.m4s,Kbits,2306
940,4,seg-44.m4s,Kbits,3754
941,4,seg-45.m4s,Kbits,2685
942,4,seg-46.m4s,Kbits,4093
943,4,seg-47.m4s,Kbits,2498
944,4,seg-48.m4s,Kbits,3299
945,4,seg-49.m4s,Kbits,3841
946,4,seg-50.m4s,Kbits,2359
947,4,seg-51.m4s,Kbits,3987
948,4,seg-52.m4s,Kbits,3971
949,4,seg-53.m4s,Kbits,3841
950,4,seg-54.m4s,Kbits,3849
951,4,seg-55.m4s,Kbits,3580
952,4,seg-56.m4s,Kbits,3636
953,4,seg-57.m4s,Kbits,4764
954,4,seg-58.m4s,Kbits,4314
955,4,seg-59.m4s,Kbits,4683
956,4,seg-60.m4s,Kbits,4909
957,4,seg-61.m4s,Kbits,4664
958,4,seg-62.m4s,Kbits,4771
959,4,seg-63.m4s,Kbits,4064
960,4,seg-64.m4s,Kbits,4658
961,4,seg-65.m4s,Kbits,4581
962,4,seg-66.m4s,Kbits,4781
963,4,seg-67.m4s,Kbits,4937
964,4,seg-68.m4s,Kbits,4805
965,4,seg-69.m4s,Kbits,4627
966,4,seg-70.m4s,Kbits,4798
967,4,seg-71.m4s,Kbits,4879
968,4,seg-72.m4s,Kbits,4991
969,4,seg-73.m4s,Kbits,4407
970,4,seg-74.m4s,Kbits,4261
971,4,seg-75.m4s,Kbits,4011
972,4,seg-76.m4s,Kbits,4634
973,4,seg-77.m4s,Kbits,4533
974,4,seg-78.m4s,Kbits,4083
975,4,seg-79.m4s,Kbits,3760
976,4,seg-80.m4s,Kbits,4025
977,4,seg-81.m4s,Kbits,4323
978,4,seg-82.m4s,Kbits,4282
979,4,seg-83.m4s,Kbits,4399
980,4,seg-84.m4s,Kbits,3616
981,4,seg-85.m4s,Kbits,5024
982,4,seg-86.m4s,Kbits,1934
983,4,seg-87.m4s,Kbits,3062
984,4,seg-88.m4s,Kbits,4321
985,4,seg-89.m4s,Kbits,4882
986,4,seg-90.m4s,Kbits,4247
987,4,seg-91.m4s,Kbits,4730
988,4,seg-92.m4s,Kbits,4592
989,4,seg-93.m4s,Kbits,4318
990,4,seg-94.m4s,Kbits,5071
991,4,seg-95.m4s,Kbits,4015
992,4,seg-96.m4s,Kbits,2431
993,4,seg-97.m4s,Kbits,3698
994,4,seg-98.m4s,Kbits,4935
995,4,seg-99.m4s,Kbits,3407
996,4,seg-100.m4s,Kbits,3595
997,4,seg-101.m4s,Kbits,4378
998,4,seg-102.m4s,Kbits,3720
999,4,seg-103.m4s,Kbits,3430
1000,4,seg-104.m4s,Kbits,4553
1001,4,seg-105.m4s,Kbits,4549
1002,4,seg-106.m4s,Kbits,5085
1003,4,seg-107.m4s,Kbits,5029
1004,4,seg-108.m4s,Kbits,4242
1005,4,seg-109.m4s,Kbits,4352
1006,4,seg-110.m4s,Kbits,4810
1007,4,seg-111.m4s,Kbits,4033
1008,4,seg-112.m4s,Kbits,2559
1009,4,seg-113.m4s,Kbits,3525
1010,4,seg-114.m4s,Kbits,4697
1011,4,seg-115.m4s,Kbits,4529
1012,4,seg-116.m4s,Kbits,3346
1013,4,seg-117.m4s,Kbits,4184
1014,4,seg-118.m4s,Kbits,3677
1015,4,seg-119.m4s,Kbits,4248
1016,4,seg-120.m4s,Kbits,4163
1017,4,seg-121.m4s,Kbits,4155
1018,4,seg-122.m4s,Kbits,4530
1019,4,seg-123.m4s,Kbits,4205
1020,4,seg-124.m4s,Kbits,4828
1021,4,seg-125.m4s,Kbits,4748
1022,4,seg-126.m4s,Kbits,4095
1023,4,seg-127.m4s,Kbits,4830
1024,4,seg-128.m4s,Kbits,4121
1025,4,seg-129.m4s,Kbits,3218
1026,4,seg-130.m4s,Kbits,4753
1027,4,seg-131.m4s,Kbits,3949
1028,4,seg-132.m4s,Kbits,3413
1029,4,seg-133.m4s,Kbits,4270
1030,4,seg-134.m4s,Kbits,4476
1031,4,seg-135.m4s,Kbits,4842
1032,4,seg-136.m4s,Kbits,4684
1033,4,seg-137.m4s,Kbits,4912
1034,4,seg-138.m4s,Kbits,4651
1035,4,seg-139.m4s,Kbits,4221
1036,4,seg-140.m4s,Kbits,4722
1037,4,seg-141.m4s,Kbits,4463
1038,4,seg-142.m4s,Kbits,4446
1039,4,seg-143.m4s,Kbits,4386
1040,4,seg-144.m4s,Kbits,3974
1041,4,seg-145.m4s,Kbits,4392
1042,4,seg-146.m4s,Kbits,3977
1043,4,seg-147.m4s,Kbits,4993
1044,4,seg-148.m4s,Kbits,4321
1045,4,seg-149.m4s,Kbits,4053
1046,4,seg-150.m4s,Kbits,3595
1047,4,seg-151.m4s,Kbits,3548
1048,4,seg-152.m4s,Kbits,4164
1049,4,seg-153.m4s,Kbits,4583
1050,4,seg-154.m4s,Kbits,4481
1051,4,seg-155.m4s,Kbits,4070
1052,4,seg-156.m4s,Kbits,4570
1053,4,seg-157.m4s,Kbits,4815
1054,4,seg-158.m4s,Kbits,5187
1055,4,seg-159.m4s,Kbits,4141
1056,4,seg-160.m4s,Kbits,4456
1057,4,seg-161.m4s,Kbits,5208
1058,4,seg-162.m4s,Kbits,3059
1059,4,seg-163.m4s,Kbits,4256
1060,4,seg-164.m4s,Kbits,5047
1061,4,seg-165.m4s,Kbits,4569
1062,4,seg-166.m4s,Kbits,4934
1063,4,seg-167.m4s,Kbits,4610
1064,4,seg-168.m4s,Kbits,5159
1065,4,seg-169.m4s,Kbits,3974
1066,4,seg-170.m4s,Kbits,1732
1067,4,seg-171.m4s,Kbits,4182
1068,4,seg-172.m4s,Kbits,4846
1069,4,seg-173.m4s,Kbits,4939
1070,4,seg-174.m4s,Kbits,4843
1071,4,seg-175.m4s,Kbits,4872
1072,4,seg-176.m4s,Kbits,5006
1073,4,seg-177.m4s,Kbits,4594
1074,4,seg-178.m4s,Kbits,4607
1075,4,seg-179.m4s,Kbits,4579
1076,4,seg-180.m4s,Kbits,5199
1077,4,seg-181.m4s,Kbits,4460
1078,4,seg-182.m4s,Kbits,4454
1079,4,seg-183.m4s,Kbits,5016
1080,4,seg-184.m4s,Kbits,4971
1081,4,seg-185.m4s,Kbits,4774
1082,4,seg-186.m4s,Kbits,4260
1083,4,seg-187.m4s,Kbits,4618
1084,4,seg-188.m4s,Kbits,3882
1085,4,seg-189.m4s,Kbits,4721
1086,4,seg-190.m4s,Kbits,4308
1087,4,seg-191.m4s,Kbits,4654
1088,4,seg-192.m4s,Kbits,2715
1089,4,seg-193.m4s,Kbits,3419
1090,4,seg-194.m4s,Kbits,2274
1091,4,seg-195.m4s,Kbits,3442
1092,4,seg-196.m4s,Kbits,3779
1093,4,seg-197.m4s,Kbits,3996
1094,4,seg-198.m4s,Kbits,3791
1095,4,seg-199.m4s,Kbits,3832
1096,4,seg-200.m4s,Kbits,4246
1097,4,seg-201.m4s,Kbits,2579
1098,4,seg-202.m4s,Kbits,3867
1099,4,seg-203.m4s,Kbits,3857
1100,4,seg-204.m4s,Kbits,3981
1101,4,seg-205.m4s,Kbits,4422
1102,4,seg-206.m4s,Kbits,4540
1103,4,seg-207.m4s,Kbits,4494
1104,4,seg-208.m4s,Kbits,5024
1105,4,seg-209.m4s,Kbits,3915
1106,4,seg-210.m4s,Kbits,4305
1107,4,seg-211.m4s,Kbits,4380
1108,4,seg-212.m4s,Kbits,5112
1109,4,seg-213.m4s,Kbits,4416
1110,4,seg-214.m4s,Kbits,5266
1111,4,seg-215.m4s,Kbits,4142
1112,4,seg-216.m4s,Kbits,4806
1113,4,seg-217.m4s,Kbits,5779
1114,4,seg-218.m4s,Kbits,4002
1115,4,seg-219.m4s,Kbits,4418
1116,4,seg-220.m4s,Kbits,3872
1117,4,seg-221.m4s,Kbits,3039
1118,4,seg-222.m4s,Kbits,4716
1119,4,seg-223.m4s,Kbits,4701
1120,4,seg-224.m4s,Kbits,3229
1121,4,seg-225.m4s,Kbits,3116
1122,4,seg-226.m4s,Kbits,3918
1123,4,seg-227.m4s,Kbits,4314
1124,4,seg-228.m4s,Kbits,2147
1125,4,seg-229.m4s,Kbits,4586
1126,4,seg-230.m4s,Kbits,5219
1127,4,seg-231.m4s,Kbits,2780
1128,4,seg-232.m4s,Kbits,3717
1129,4,seg-233.m4s,Kbits,5050
1130,4,seg-234.m4s,Kbits,4720
1131,4,seg-235.m4s,Kbits,5007
1132,4,seg-236.m4s,Kbits,4630
1133,4,seg-237.m4s,Kbits,3119
1134,4,seg-238.m4s,Kbits,4432
1135,4,seg-239.m4s,Kbits,3697
1136,4,seg-240.m4s,Kbits,4642
1137,4,seg-241.m4s,Kbits,4321
1138,4,seg-242.m4s,Kbits,2004
1139,4,seg-243.m4s,Kbits,4307
1140,4,seg-244.m4s,Kbits,3874
1141,4,seg-245.m4s,Kbits,3128
1142,4,seg-246.m4s,Kbits,3996
1143,4,seg-247.m4s,Kbits,3084
1144,4,seg-248.m4s,Kbits,4103
1145,4,seg-249.m4s,Kbits,4789
1146,4,seg-250.m4s,Kbits,4850
1147,4,seg-251.m4s,Kbits,4959
1148,4,seg-252.m4s,Kbits,4886
1149,4,seg-253.m4s,Kbits,4980
1150,4,seg-254.m4s,Kbits,5261
1151,4,seg-255.m4s,Kbits,4621
1152,4,seg-256.m4s,Kbits,5013
1153,4,seg-257.m4s,Kbits,4926
1154,4,seg-258.m4s,Kbits,4934
1155,4,seg-259.m4s,Kbits,4907
1156,4,seg-260.m4s,Kbits,4950
1157,4,seg-261.m4s,Kbits,4853
1158,4,seg-262.m4s,Kbits,5051
1159,4,seg-263.m4s,Kbits,4318
1160,4,seg-264.m4s,Kbits,4730
1161,4,seg-265.m4s,Kbits,4764
1162,4,seg-266.m4s,Kbits,4690
1163,4,seg-267.m4s,Kbits,4501
1164,4,seg-268.m4s,Kbits,4657
1165,4,seg-269.m4s,Kbits,4644
1166,4,seg-270.m4s,Kbits,4788
1167,4,seg-271.m4s,Kbits,4778
1168,4,seg-272.m4s,Kbits,4593
1169,4,seg-273.m4s,Kbits,4750
1170,4,seg-274.m4s,Kbits,4669
1171,4,seg-275.m4s,Kbits,4643
1172,4,seg-276.m4s,Kbits,4769
1173,4,seg-277.m4s,Kbits,4828
1174,4,seg-278.m4s,Kbits,4930
1175,4,seg-279.m4s,Kbits,4906
1176,4,seg-280.m4s,Kbits,4872
1177,4,seg-281.m4s,Kbits,4893
1178,4,seg-282.m4s,Kbits,4936
1179,4,seg-283.m4s,Kbits,5052
1180,4,seg-284.m4s,Kbits,4949
1181,4,seg-285.m4s,Kbits,5065
1182,4,seg-286.m4s,Kbits,3938
1183,4,seg-287.m4s,Kbits,4756
1184,4,seg-288.m4s,Kbits,4516
1185,4,seg-289.m4s,Kbits,4370
1186,4,seg-290.m4s,Kbits,3147
1187,4,seg-291.m4s,Kbits,908
1188,4,seg-292.m4s,Kbits,3371
1189,4,seg-293.m4s,Kbits,2525
1190,4,seg-294.m4s,Kbits,1604
1191,4,seg-295.m4s,Kbits,3170
1192,4,seg-296.m4s,Kbits,3551
1193,4,seg-297.m4s,Kbits,3800
1194,4,seg-298.m4s,Kbits,3730
1195,4,seg-299.m4s,Kbits,996
1196,5,seg-1.m4s,Kbits,5501
1197,5,seg-2.m4s,Kbits,4673
1198,5,seg-3.m4s,Kbits,5826
1199,5,seg-4.m4s,Kbits,5839
1200,5,seg-5.m4s,Kbits,5812
1201,5,seg-6.m4s,Kbits,5774
1202,5,seg-7.m4s,Kbits,5246
1203,5,seg-8.m4s,Kbits,6424
1204,5,seg-9.m4s,Kbits,4251
1205,5,seg-10.m4s,Kbits,3594
1206,5,seg-11.m4s,Kbits,3667
1207,5,seg-12.m4s,Kbits,3299
1208,5,seg-13.m4s,Kbits,5714
1209,5,seg-14.m4s,Kbits,5767
1210,5,seg-15.m4s,Kbits,5673
1211,5,seg-16.m4s,Kbits,6152
1212,5,seg-17.m4s,Kbits,5713
1213,5,seg-18.m4s,Kbits,5363
1214,5,seg-19.m4s,Kbits,5706
1215,5,seg-20.m4s,Kbits,5660
1216,5,seg-21.m4s,Kbits,5644
1217,5,seg-22.m4s,Kbits,5571
1218,5,seg-23.m4s,Kbits,5867
1219,5,seg-24.m4s,Kbits,5805
1220,5,seg-25.m4s,Kbits,5584
1221,5,seg-26.m4s,Kbits,5755
1222,5,seg-27.m4s,Kbits,5580
1223,5,seg-28.m4s,Kbits,6271
1224,5,seg-29.m4s,Kbits,2918
1225,5,seg-30.m4s,Kbits,2927
1226,5,seg-31.m4s,Kbits,4143
1227,5,seg-32.m4s,Kbits,4852
1228,5,seg-33.m4s,Kbits,5329
1229,5,seg-34.m4s,Kbits,5859
1230,5,seg-35.m4s,Kbits,5527
1231,5,seg-36.m4s,Kbits,3367
1232,5,seg-37.m4s,Kbits,4023
1233,5,seg-38.m4s,Kbits,5848
1234,5,seg-39.m4s,Kbits,5953
1235,5,seg-40.m4s,Kbits,6399
1236,5,seg-41.m4s,Kbits,5212
1237,5,seg-42.m4s,Kbits,5199
1238,5,seg-43.m4s,Kbits,2381
1239,5,seg-44.m4s,Kbits,3882
1240,5,seg-45.m4s,Kbits,2990
1241,5,seg-46.m4s,Kbits,4602
1242,5,seg-47.m4s,Kbits,2393
1243,5,seg-48.m4s,Kbits,3462
1244,5,seg-49.m4s,Kbits,3994
1245,5,seg-50.m4s,Kbits,2894
1246,5,seg-51.m4s,Kbits,4545
1247,5,seg-52.m4s,Kbits,5036
1248,5,seg-53.m4s,Kbits,3933
1249,5,seg-54.m4s,Kbits,4020
1250,5,seg-55.m4s,Kbits,3727
1251,5,seg-56.m4s,Kbits,3657
1252,5,seg-57.m4s,Kbits,5409
1253,5,seg-58.m4s,Kbits,5508
1254,5,seg-59.m4s,Kbits,5698
1255,5,seg-60.m4s,Kbits,5878
1256,5,seg-61.m4s,Kbits,5587
1257,5,seg-62.m4s,Kbits,5662
1258,5,seg-63.m4s,Kbits,4632
1259,5,seg-64.m4s,Kbits,5478
1260,5,seg-65.m4s,Kbits,5239
1261,5,seg-66.m4s,Kbits,5659
1262,5,seg-67.m4s,Kbits,5900
1263,5,seg-68.m4s,Kbits,5847
1264,5,seg-69.m4s,Kbits,5645
1265,5,seg-70.m4s,Kbits,5917
1266,5,seg-71.m4s,Kbits,5828
1267,5,seg-72.m4s,Kbits,6026
1268,5,seg-73.m4s,Kbits,5137
1269,5,seg-74.m4s,Kbits,4728
1270,5,seg-75.m4s,Kbits,4716
1271,5,seg-76.m4s,Kbits,5319
1272,5,seg-77.m4s,Kbits,5479
1273,5,seg-78.m4s,Kbits,4591
1274,5,seg-79.m4s,Kbits,3692
1275,5,seg-80.m4s,Kbits,4317
1276,5,seg-81.m4s,Kbits,5183
1277,5,seg-82.m4s,Kbits,4947
1278,5,seg-83.m4s,Kbits,5324
1279,5,seg-84.m4s,Kbits,3889
1280,5,seg-85.m4s,Kbits,5627
1281,5,seg-86.m4s,Kbits,1956
1282,5,seg-87.m4s,Kbits,3078
1283,5,seg-88.m4s,Kbits,4679
1284,5,seg-89.m4s,Kbits,5800
1285,5,seg-90.m4s,Kbits,4775
1286,5,seg-91.m4s,Kbits,5676
1287,5,seg-92.m4s,Kbits,5561
1288,5,seg-93.m4s,Kbits,5047
1289,5,seg-94.m4s,Kbits,6212
1290,5,seg-95.m4s,Kbits,4835
1291,5,seg-96.m4s,Kbits,2409
1292,5,seg-97.m4s,Kbits,4524
1293,5,seg-98.m4s,Kbits,5932
1294,5,seg-99.m4s,Kbits,3946
1295,5,seg-100.m4s,Kbits,4005
1296,5,seg-101.m4s,Kbits,5093
1297,5,seg-102.m4s,Kbits,3958
1298,5,seg-103.m4s,Kbits,3653
1299,5,seg-104.m4s,Kbits,5109
1300,5,seg-105.m4s,Kbits,5298
1301,5,seg-106.m4s,Kbits,6181
1302,5,seg-107.m4s,Kbits,6004
1303,5,seg-108.m4s,Kbits,4487
1304,5,seg-109.m4s,Kbits,4823
1305,5,seg-110.m4s,Kbits,5645
1306,5,seg-111.m4s,Kbits,4512
1307,5,seg-112.m4s,Kbits,2594
1308,5,seg-113.m4s,Kbits,4704
1309,5,seg-114.m4s,Kbits,5671
1310,5,seg-115.m4s,Kbits,5058
1311,5,seg-116.m4s,Kbits,4077
1312,5,seg-117.m4s,Kbits,5071
1313,5,seg-118.m4s,Kbits,3823
1314,5,seg-119.m4s,Kbits,4337
1315,5,seg-120.m4s,Kbits,4188
1316,5,seg-121.m4s,Kbits,4367
1317,5,seg-122.m4s,Kbits,5551
1318,5,seg-123.m4s,Kbits,5002
1319,5,seg-124.m4s,Kbits,5855
1320,5,seg-125.m4s,Kbits,5609
1321,5,seg-126.m4s,Kbits,4705
1322,5,seg-127.m4s,Kbits,5863
1323,5,seg-128.m4s,Kbits,4812
1324,5,seg-129.m4s,Kbits,3629
1325,5,seg-130.m4s,Kbits,5799
1326,5,seg-131.m4s,Kbits,4630
1327,5,seg-132.m4s,Kbits,4005
1328,5,seg-133.m4s,Kbits,4709
1329,5,seg-134.m4s,Kbits,5284
1330,5,seg-135.m4s,Kbits,5777
1331,5,seg-136.m4s,Kbits,5564
1332,5,seg-137.m4s,Kbits,5867
1333,5,seg-138.m4s,Kbits,5544
1334,5,seg-139.m4s,Kbits,4949
1335,5,seg-140.m4s,Kbits,5555
1336,5,seg-141.m4s,Kbits,5433
1337,5,seg-142.m4s,Kbits,5361
1338,5,seg-143.m4s,Kbits,5466
1339,5,seg-144.m4s,Kbits,4547
1340,5,seg-145.m4s,Kbits,5344
1341,5,seg-146.m4s,Kbits,4688
1342,5,seg-147.m4s,Kbits,5989
1343,5,seg-148.m4s,Kbits,5164
1344,5,seg-149.m4s,Kbits,4444
1345,5,seg-150.m4s,Kbits,4164
1346,5,seg-151.m4s,Kbits,3898
1347,5,seg-152.m4s,Kbits,4915
1348,5,seg-153.m4s,Kbits,5578
1349,5,seg-154.m4s,Kbits,5236
1350,5,seg-155.m4s,Kbits,4965
1351,5,seg-156.m4s,Kbits,5409
1352,5,seg-157.m4s,Kbits,5772
1353,5,seg-158.m4s,Kbits,6211
1354,5,seg-159.m4s,Kbits,4980
1355,5,seg-160.m4s,Kbits,5367
1356,5,seg-161.m4s,Kbits,6331
1357,5,seg-162.m4s,Kbits,3402
1358,5,seg-163.m4s,Kbits,5019
1359,5,seg-164.m4s,Kbits,6027
1360,5,seg-165.m4s,Kbits,5470
1361,5,seg-166.m4s,Kbits,5849
1362,5,seg-167.m4s,Kbits,5172
1363,5,seg-168.m4s,Kbits,6113
1364,5,seg-169.m4s,Kbits,4673
1365,5,seg-170.m4s,Kbits,2044
1366,5,seg-171.m4s,Kbits,4726
1367,5,seg-172.m4s,Kbits,5765
1368,5,seg-173.m4s,Kbits,6000
1369,5,seg-174.m4s,Kbits,5887
1370,5,seg-175.m4s,Kbits,5667
1371,5,seg-176.m4s,Kbits,6102
1372,5,seg-177.m4s,Kbits,5424
1373,5,seg-178.m4s,Kbits,5731
1374,5,seg-179.m4s,Kbits,5556
1375,5,seg-180.m4s,Kbits,6201
1376,5,seg-181.m4s,Kbits,5178
1377,5,seg-182.m4s,Kbits,5519
1378,5,seg-183.m4s,Kbits,6029
1379,5,seg-184.m4s,Kbits,5969
1380,5,seg-185.m4s,Kbits,5881
1381,5,seg-186.m4s,Kbits,5103
1382,5,seg-187.m4s,Kbits,5490
1383,5,seg-188.m4s,Kbits,4220
1384,5,seg-189.m4s,Kbits,5609
1385,5,seg-190.m4s,Kbits,4952
1386,5,seg-191.m4s,Kbits,5592
1387,5,seg-192.m4s,Kbits,2837
1388,5,seg-193.m4s,Kbits,3597
1389,5,seg-194.m4s,Kbits,2375
1390,5,seg-195.m4s,Kbits,3622
1391,5,seg-196.m4s,Kbits,4260
1392,5,seg-197.m4s,Kbits,4755
1393,5,seg-198.m4s,Kbits,4562
1394,5,seg-199.m4s,Kbits,4052
1395,5,seg-200.m4s,Kbits,4891
1396,5,seg-201.m4s,Kbits,2666
1397,5,seg-202.m4s,Kbits,4162
1398,5,seg-203.m4s,Kbits,4725
1399,5,seg-204.m4s,Kbits,4562
1400,5,seg-205.m4s,Kbits,4689
1401,5,seg-206.m4s,Kbits,5560
1402,5,seg-207.m4s,Kbits,5236
1403,5,seg-208.m4s,Kbits,5944
1404,5,seg-209.m4s,Kbits,4586
1405,5,seg-210.m4s,Kbits,4686
1406,5,seg-211.m4s,Kbits,5514
1407,5,seg-212.m4s,Kbits,6063
1408,5,seg-213.m4s,Kbits,4982
1409,5,seg-214.m4s,Kbits,6285
1410,5,seg-215.m4s,Kbits,4906
1411,5,seg-216.m4s,Kbits,5802
1412,5,seg-217.m4s,Kbits,6933
1413,5,seg-218.m4s,Kbits,4885
1414,5,seg-219.m4s,Kbits,5178
1415,5,seg-220.m4s,Kbits,4208
1416,5,seg-221.m4s,Kbits,3246
1417,5,seg-222.m4s,Kbits,5631
1418,5,seg-223.m4s,Kbits,5649
1419,5,seg-224.m4s,Kbits,3289
1420,5,seg-225.m4s,Kbits,3100
1421,5,seg-226.m4s,Kbits,4279
1422,5,seg-227.m4s,Kbits,5100
1423,5,seg-228.m4s,Kbits,2194
1424,5,seg-229.m4s,Kbits,5391
1425,5,seg-230.m4s,Kbits,6146
1426,5,seg-231.m4s,Kbits,3079
1427,5,seg-232.m4s,Kbits,4497
1428,5,seg-233.m4s,Kbits,6151
1429,5,seg-234.m4s,Kbits,5654
1430,5,seg-235.m4s,Kbits,6069
1431,5,seg-236.m4s,Kbits,5465
1432,5,seg-237.m4s,Kbits,3704
1433,5,seg-238.m4s,Kbits,5084
1434,5,seg-239.m4s,Kbits,3853
1435,5,seg-240.m4s,Kbits,5162
1436,5,seg-241.m4s,Kbits,4733
1437,5,seg-242.m4s,Kbits,2090
1438,5,seg-243.m4s,Kbits,4513
1439,5,seg-244.m4s,Kbits,4188
1440,5,seg-245.m4s,Kbits,3416
1441,5,seg-246.m4s,Kbits,4681
1442,5,seg-247.m4s,Kbits,3427
1443,5,seg-248.m4s,Kbits,4731
1444,5,seg-249.m4s,Kbits,5199
1445,5,seg-250.m4s,Kbits,5828
1446,5,seg-251.m4s,Kbits,5975
1447,5,seg-252.m4s,Kbits,5908
1448,5,seg-253.m4s,Kbits,5965
1449,5,seg-254.m4s,Kbits,6401
1450,5,seg-255.m4s,Kbits,5528
1451,5,seg-256.m4s,Kbits,6047
1452,5,seg-257.m4s,Kbits,5859
1453,5,seg-258.m4s,Kbits,5927
1454,5,seg-259.m4s,Kbits,5888
1455,5,seg-260.m4s,Kbits,5920
1456,5,seg-261.m4s,Kbits,5991
1457,5,seg-262.m4s,Kbits,6185
1458,5,seg-263.m4s,Kbits,5279
1459,5,seg-264.m4s,Kbits,5568
1460,5,seg-265.m4s,Kbits,5805
1461,5,seg-266.m4s,Kbits,5508
1462,5,seg-267.m4s,Kbits,5352
1463,5,seg-268.m4s,Kbits,5466
1464,5,seg-269.m4s,Kbits,5539
1465,5,seg-270.m4s,Kbits,5744
1466,5,seg-271.m4s,Kbits,5697
1467,5,seg-272.m4s,Kbits,5752
1468,5,seg-273.m4s,Kbits,5707
1469,5,seg-274.m4s,Kbits,5649
1470,5,seg-275.m4s,Kbits,5564
1471,5,seg-276.m4s,Kbits,5857
1472,5,seg-277.m4s,Kbits,5827
1473,5,seg-278.m4s,Kbits,5963
1474,5,seg-279.m4s,Kbits,5936
1475,5,seg-280.m4s,Kbits,5937
1476,5,seg-281.m4s,Kbits,5976
1477,5,seg-282.m4s,Kbits,5996
1478,5,seg-283.m4s,Kbits,6120
1479,5,seg-284.m4s,Kbits,5851
1480,5,seg-285.m4s,Kbits,6349
1481,5,seg-286.m4s,Kbits,4037
1482,5,seg-287.m4s,Kbits,5207
1483,5,seg-288.m4s,Kbits,4718
1484,5,seg-289.m4s,Kbits,5129
1485,5,seg-290.m4s,Kbits,3330
1486,5,seg-291.m4s,Kbits,975
1487,5,seg-292.m4s,Kbits,3356
1488,5,seg-293.m4s,Kbits,2559
1489,5,seg-294.m4s,Kbits,1619
1490,5,seg-295.m4s,Kbits,3177
1491,5,seg-296.m4s,Kbits,3579
1492,5,seg-297.m4s,Kbits,3823
1493,5,seg-298.m4s,Kbits,3837
1494,5,seg-299.m4s,Kbits,1078
1495,6,seg-1.m4s,Kbits,6922
1496,6,seg-2.m4s,Kbits,6474
1497,6,seg-3.m4s,Kbits,7916
1498,6,seg-4.m4s,Kbits,7565
1499,6,seg-5.m4s,Kbits,8031
1500,6,seg-6.m4s,Kbits,7672
1501,6,seg-7.m4s,Kbits,6712
1502,6,seg-8.m4s,Kbits,8531
1503,6,seg-9.m4s,Kbits,4739
1504,6,seg-10.m4s,Kbits,3757
1505,6,seg-11.m4s,Kbits,4164
1506,6,seg-12.m4s,Kbits,3807
1507,6,seg-13.m4s,Kbits,8100
1508,6,seg-14.m4s,Kbits,7617
1509,6,seg-15.m4s,Kbits,7584
1510,6,seg-16.m4s,Kbits,8273
1511,6,seg-17.m4s,Kbits,7605
1512,6,seg-18.m4s,Kbits,7232
1513,6,seg-19.m4s,Kbits,7430
1514,6,seg-20.m4s,Kbits,7511
1515,6,seg-21.m4s,Kbits,7663
1516,6,seg-22.m4s,Kbits,6968
1517,6,seg-23.m4s,Kbits,7852
1518,6,seg-24.m4s,Kbits,7192
1519,6,seg-25.m4s,Kbits,7538
1520,6,seg-26.m4s,Kbits,7462
1521,6,seg-27.m4s,Kbits,7644
1522,6,seg-28.m4s,Kbits,8387
1523,6,seg-29.m4s,Kbits,3091
1524,6,seg-30.m4s,Kbits,2966
1525,6,seg-31.m4s,Kbits,4382
1526,6,seg-32.m4s,Kbits,5160
1527,6,seg-33.m4s,Kbits,5690
1528,6,seg-34.m4s,Kbits,7831
1529,6,seg-35.m4s,Kbits,6864
1530,6,seg-36.m4s,Kbits,3873
1531,6,seg-37.m4s,Kbits,4569
1532,6,seg-38.m4s,Kbits,7807
1533,6,seg-39.m4s,Kbits,7879
1534,6,seg-40.m4s,Kbits,8529
1535,6,seg-41.m4s,Kbits,6726
1536,6,seg-42.m4s,Kbits,5823
1537,6,seg-43.m4s,Kbits,2541
1538,6,seg-44.m4s,Kbits,4018
1539,6,seg-45.m4s,Kbits,3194
1540,6,seg-46.m4s,Kbits,5428
1541,6,seg-47.m4s,Kbits,2339
1542,6,seg-48.m4s,Kbits,3563
1543,6,seg-49.m4s,Kbits,4203
1544,6,seg-50.m4s,Kbits,2901
1545,6,seg-51.m4s,Kbits,5986
1546,6,seg-52.m4s,Kbits,5448
1547,6,seg-53.m4s,Kbits,4127
1548,6,seg-54.m4s,Kbits,4053
1549,6,seg-55.m4s,Kbits,3770
1550,6,seg-56.m4s,Kbits,3728
1551,6,seg-57.m4s,Kbits,6741
1552,6,seg-58.m4s,Kbits,6887
1553,6,seg-59.m4s,Kbits,7511
1554,6,seg-60.m4s,Kbits,7987
1555,6,seg-61.m4s,Kbits,7255
1556,6,seg-62.m4s,Kbits,6806
1557,6,seg-63.m4s,Kbits,4844
1558,6,seg-64.m4s,Kbits,6637
1559,6,seg-65.m4s,Kbits,5987
1560,6,seg-66.m4s,Kbits,6655
1561,6,seg-67.m4s,Kbits,7036
1562,6,seg-68.m4s,Kbits,7690
1563,6,seg-69.m4s,Kbits,7082
1564,6,seg-70.m4s,Kbits,7706
1565,6,seg-71.m4s,Kbits,7144
1566,6,seg-72.m4s,Kbits,8082
1567,6,seg-73.m4s,Kbits,5720
1568,6,seg-74.m4s,Kbits,6499
1569,6,seg-75.m4s,Kbits,5238
1570,6,seg-76.m4s,Kbits,5895
1571,6,seg-77.m4s,Kbits,7448
1572,6,seg-78.m4s,Kbits,5399
1573,6,seg-79.m4s,Kbits,3665
1574,6,seg-80.m4s,Kbits,4426
1575,6,seg-81.m4s,Kbits,6389
1576,6,seg-82.m4s,Kbits,6319
1577,6,seg-83.m4s,Kbits,6388
1578,6,seg-84.m4s,Kbits,4305
1579,6,seg-85.m4s,Kbits,6548
1580,6,seg-86.m4s,Kbits,1979
1581,6,seg-87.m4s,Kbits,3105
1582,6,seg-88.m4s,Kbits,4727
1583,6,seg-89.m4s,Kbits,7683
1584,6,seg-90.m4s,Kbits,5239
1585,6,seg-91.m4s,Kbits,7344
1586,6,seg-92.m4s,Kbits,7345
1587,6,seg-93.m4s,Kbits,6263
1588,6,seg-94.m4s,Kbits,8154
1589,6,seg-95.m4s,Kbits,6132
1590,6,seg-96.m4s,Kbits,2412
1591,6,seg-97.m4s,Kbits,6939
1592,6,seg-98.m4s,Kbits,7293
1593,6,seg-99.m4s,Kbits,5036
1594,6,seg-100.m4s,Kbits,4343
1595,6,seg-101.m4s,Kbits,5892
1596,6,seg-102.m4s,Kbits,4175
1597,6,seg-103.m4s,Kbits,3731
1598,6,seg-104.m4s,Kbits,5557
1599,6,seg-105.m4s,Kbits,6410
1600,6,seg-106.m4s,Kbits,8232
1601,6,seg-107.m4s,Kbits,8051
1602,6,seg-108.m4s,Kbits,4813
1603,6,seg-109.m4s,Kbits,5453
1604,6,seg-110.m4s,Kbits,6282
1605,6,seg-111.m4s,Kbits,5141
1606,6,seg-112.m4s,Kbits,3007
1607,6,seg-113.m4s,Kbits,6398
1608,6,seg-114.m4s,Kbits,7803
1609,6,seg-115.m4s,Kbits,5920
1610,6,seg-116.m4s,Kbits,4683
1611,6,seg-117.m4s,Kbits,5643
1612,6,seg-118.m4s,Kbits,3877
1613,6,seg-119.m4s,Kbits,4345
1614,6,seg-120.m4s,Kbits,4186
1615,6,seg-121.m4s,Kbits,4527
1616,6,seg-122.m4s,Kbits,7597
1617,6,seg-123.m4s,Kbits,6783
1618,6,seg-124.m4s,Kbits,7862
1619,6,seg-125.m4s,Kbits,7644
1620,6,seg-126.m4s,Kbits,5406
1621,6,seg-127.m4s,Kbits,7423
1622,6,seg-128.m4s,Kbits,5498
1623,6,seg-129.m4s,Kbits,4339
1624,6,seg-130.m4s,Kbits,7859
1625,6,seg-131.m4s,Kbits,5777
1626,6,seg-132.m4s,Kbits,4752
1627,6,seg-133.m4s,Kbits,5402
1628,6,seg-134.m4s,Kbits,6491
1629,6,seg-135.m4s,Kbits,7411
1630,6,seg-136.m4s,Kbits,7428
1631,6,seg-137.m4s,Kbits,7873
1632,6,seg-138.m4s,Kbits,7335
1633,6,seg-139.m4s,Kbits,5889
1634,6,seg-140.m4s,Kbits,7492
1635,6,seg-141.m4s,Kbits,7183
1636,6,seg-142.m4s,Kbits,7174
1637,6,seg-143.m4s,Kbits,7214
1638,6,seg-144.m4s,Kbits,5784
1639,6,seg-145.m4s,Kbits,6098
1640,6,seg-146.m4s,Kbits,5034
1641,6,seg-147.m4s,Kbits,7211
1642,6,seg-148.m4s,Kbits,6816
1643,6,seg-149.m4s,Kbits,5177
1644,6,seg-150.m4s,Kbits,4738
1645,6,seg-151.m4s,Kbits,4860
1646,6,seg-152.m4s,Kbits,6816
1647,6,seg-153.m4s,Kbits,7350
1648,6,seg-154.m4s,Kbits,6912
1649,6,seg-155.m4s,Kbits,6855
1650,6,seg-156.m4s,Kbits,7301
1651,6,seg-157.m4s,Kbits,7698
1652,6,seg-158.m4s,Kbits,8364
1653,6,seg-159.m4s,Kbits,6673
1654,6,seg-160.m4s,Kbits,7059
1655,6,seg-161.m4s,Kbits,8363
1656,6,seg-162.m4s,Kbits,4251
1657,6,seg-163.m4s,Kbits,6906
1658,6,seg-164.m4s,Kbits,8233
1659,6,seg-165.m4s,Kbits,7023
1660,6,seg-166.m4s,Kbits,7197
1661,6,seg-167.m4s,Kbits,5648
1662,6,seg-168.m4s,Kbits,7585
1663,6,seg-169.m4s,Kbits,5669
1664,6,seg-170.m4s,Kbits,2295
1665,6,seg-171.m4s,Kbits,6272
1666,6,seg-172.m4s,Kbits,7955
1667,6,seg-173.m4s,Kbits,7980
1668,6,seg-174.m4s,Kbits,7856
1669,6,seg-175.m4s,Kbits,7740
1670,6,seg-176.m4s,Kbits,8273
1671,6,seg-177.m4s,Kbits,7266
1672,6,seg-178.m4s,Kbits,7696
1673,6,seg-179.m4s,Kbits,7487
1674,6,seg-180.m4s,Kbits,8285
1675,6,seg-181.m4s,Kbits,6968
1676,6,seg-182.m4s,Kbits,7396
1677,6,seg-183.m4s,Kbits,8118
1678,6,seg-184.m4s,Kbits,7944
1679,6,seg-185.m4s,Kbits,7693
1680,6,seg-186.m4s,Kbits,6613
1681,6,seg-187.m4s,Kbits,6826
1682,6,seg-188.m4s,Kbits,5233
1683,6,seg-189.m4s,Kbits,7165
1684,6,seg-190.m4s,Kbits,6011
1685,6,seg-191.m4s,Kbits,6764
1686,6,seg-192.m4s,Kbits,2990
1687,6,seg-193.m4s,Kbits,3805
1688,6,seg-194.m4s,Kbits,2520
1689,6,seg-195.m4s,Kbits,3789
1690,6,seg-196.m4s,Kbits,4866
1691,6,seg-197.m4s,Kbits,5423
1692,6,seg-198.m4s,Kbits,5446
1693,6,seg-199.m4s,Kbits,4100
1694,6,seg-200.m4s,Kbits,5704
1695,6,seg-201.m4s,Kbits,2842
1696,6,seg-202.m4s,Kbits,4289
1697,6,seg-203.m4s,Kbits,5845
1698,6,seg-204.m4s,Kbits,5275
1699,6,seg-205.m4s,Kbits,5058
1700,6,seg-206.m4s,Kbits,6848
1701,6,seg-207.m4s,Kbits,5897
1702,6,seg-208.m4s,Kbits,7532
1703,6,seg-209.m4s,Kbits,5351
1704,6,seg-210.m4s,Kbits,5014
1705,6,seg-211.m4s,Kbits,7718
1706,6,seg-212.m4s,Kbits,8119
1707,6,seg-213.m4s,Kbits,6016
1708,6,seg-214.m4s,Kbits,8146
1709,6,seg-215.m4s,Kbits,5448
1710,6,seg-216.m4s,Kbits,7659
1711,6,seg-217.m4s,Kbits,9238
1712,6,seg-218.m4s,Kbits,6250
1713,6,seg-219.m4s,Kbits,6569
1714,6,seg-220.m4s,Kbits,4488
1715,6,seg-221.m4s,Kbits,3372
1716,6,seg-222.m4s,Kbits,7242
1717,6,seg-223.m4s,Kbits,7419
1718,6,seg-224.m4s,Kbits,3458
1719,6,seg-225.m4s,Kbits,3372
1720,6,seg-226.m4s,Kbits,4952
1721,6,seg-227.m4s,Kbits,5854
1722,6,seg-228.m4s,Kbits,2247
1723,6,seg-229.m4s,Kbits,5863
1724,6,seg-230.m4s,Kbits,6922
1725,6,seg-231.m4s,Kbits,3790
1726,6,seg-232.m4s,Kbits,6172
1727,6,seg-233.m4s,Kbits,8212
1728,6,seg-234.m4s,Kbits,7641
1729,6,seg-235.m4s,Kbits,8270
1730,6,seg-236.m4s,Kbits,6924
1731,6,seg-237.m4s,Kbits,4028
1732,6,seg-238.m4s,Kbits,5571
1733,6,seg-239.m4s,Kbits,4109
1734,6,seg-240.m4s,Kbits,5698
1735,6,seg-241.m4s,Kbits,4955
1736,6,seg-242.m4s,Kbits,2333
1737,6,seg-243.m4s,Kbits,4826
1738,6,seg-244.m4s,Kbits,4341
1739,6,seg-245.m4s,Kbits,3752
1740,6,seg-246.m4s,Kbits,6068
1741,6,seg-247.m4s,Kbits,4042
1742,6,seg-248.m4s,Kbits,5092
1743,6,seg-249.m4s,Kbits,5460
1744,6,seg-250.m4s,Kbits,5856
1745,6,seg-251.m4s,Kbits,7395
1746,6,seg-252.m4s,Kbits,7962
1747,6,seg-253.m4s,Kbits,8040
1748,6,seg-254.m4s,Kbits,8450
1749,6,seg-255.m4s,Kbits,7412
1750,6,seg-256.m4s,Kbits,8122
1751,6,seg-257.m4s,Kbits,7785
1752,6,seg-258.m4s,Kbits,7930
1753,6,seg-259.m4s,Kbits,7897
1754,6,seg-260.m4s,Kbits,7958
1755,6,seg-261.m4s,Kbits,7994
1756,6,seg-262.m4s,Kbits,8204
1757,6,seg-263.m4s,Kbits,7100
1758,6,seg-264.m4s,Kbits,7374
1759,6,seg-265.m4s,Kbits,7763
1760,6,seg-266.m4s,Kbits,7701
1761,6,seg-267.m4s,Kbits,7065
1762,6,seg-268.m4s,Kbits,7412
1763,6,seg-269.m4s,Kbits,7276
1764,6,seg-270.m4s,Kbits,7871
1765,6,seg-271.m4s,Kbits,7815
1766,6,seg-272.m4s,Kbits,7955
1767,6,seg-273.m4s,Kbits,7931
1768,6,seg-274.m4s,Kbits,7817
1769,6,seg-275.m4s,Kbits,7619
1770,6,seg-276.m4s,Kbits,7862
1771,6,seg-277.m4s,Kbits,7991
1772,6,seg-278.m4s,Kbits,8022
1773,6,seg-279.m4s,Kbits,7898
1774,6,seg-280.m4s,Kbits,7967
1775,6,seg-281.m4s,Kbits,8124
1776,6,seg-282.m4s,Kbits,8025
1777,6,seg-283.m4s,Kbits,8023
1778,6,seg-284.m4s,Kbits,7790
1779,6,seg-285.m4s,Kbits,8453
1780,6,seg-286.m4s,Kbits,4147
1781,6,seg-287.m4s,Kbits,5312
1782,6,seg-288.m4s,Kbits,4808
1783,6,seg-289.m4s,Kbits,5328
1784,6,seg-290.m4s,Kbits,3750
1785,6,seg-291.m4s,Kbits,1086
1786,6,seg-292.m4s,Kbits,3343
1787,6,seg-293.m4s,Kbits,2533
1788,6,seg-294.m4s,Kbits,1587
1789,6,seg-295.m4s,Kbits,3184
1790,6,seg-296.m4s,Kbits,3606
1791,6,seg-297.m4s,Kbits,3872
1792,6,seg-298.m4s,Kbits,3873
1793,6,seg-299.m4s,Kbits,1140
1794,7,seg-1.m4s,Kbits,7827
1795,7,seg-2.m4s,Kbits,7107
1796,7,seg-3.m4s,Kbits,9886
1797,7,seg-4.m4s,Kbits,9554
1798,7,seg-5.m4s,Kbits,10305
1799,7,seg-6.m4s,Kbits,9100
1800,7,seg-7.m4s,Kbits,8593
1801,7,seg-8.m4s,Kbits,10637
1802,7,seg-9.m4s,Kbits,5051
1803,7,seg-10.m4s,Kbits,3802
1804,7,seg-11.m4s,Kbits,4544
1805,7,seg-12.m4s,Kbits,4545
1806,7,seg-13.m4s,Kbits,10182
1807,7,seg-14.m4s,Kbits,9600
1808,7,seg-15.m4s,Kbits,9603
1809,7,seg-16.m4s,Kbits,10322
1810,7,seg-17.m4s,Kbits,9528
1811,7,seg-18.m4s,Kbits,8818
1812,7,seg-19.m4s,Kbits,9314
1813,7,seg-20.m4s,Kbits,8753
1814,7,seg-21.m4s,Kbits,8035
1815,7,seg-22.m4s,Kbits,7379
1816,7,seg-23.m4s,Kbits,9438
1817,7,seg-24.m4s,Kbits,7987
1818,7,seg-25.m4s,Kbits,9413
1819,7,seg-26.m4s,Kbits,9701
1820,7,seg-27.m4s,Kbits,9415
1821,7,seg-28.m4s,Kbits,10533
1822,7,seg-29.m4s,Kbits,3284
1823,7,seg-30.m4s,Kbits,2991
1824,7,seg-31.m4s,Kbits,4578
1825,7,seg-32.m4s,Kbits,5421
1826,7,seg-33.m4s,Kbits,5988
1827,7,seg-34.m4s,Kbits,8375
1828,7,seg-35.m4s,Kbits,7011
1829,7,seg-36.m4s,Kbits,4352
1830,7,seg-37.m4s,Kbits,5024
1831,7,seg-38.m4s,Kbits,8871
1832,7,seg-39.m4s,Kbits,9961
1833,7,seg-40.m4s,Kbits,10687
1834,7,seg-41.m4s,Kbits,7313
1835,7,seg-42.m4s,Kbits,5874
1836,7,seg-43.m4s,Kbits,2546
1837,7,seg-44.m4s,Kbits,4057
1838,7,seg-45.m4s,Kbits,3485
1839,7,seg-46.m4s,Kbits,5716
1840,7,seg-47.m4s,Kbits,2381
1841,7,seg-48.m4s,Kbits,3561
1842,7,seg-49.m4s,Kbits,4208
1843,7,seg-50.m4s,Kbits,3289
1844,7,seg-51.m4s,Kbits,6269
1845,7,seg-52.m4s,Kbits,6145
1846,7,seg-53.m4s,Kbits,4168
1847,7,seg-54.m4s,Kbits,4074
1848,7,seg-55.m4s,Kbits,3789
1849,7,seg-56.m4s,Kbits,3756
1850,7,seg-57.m4s,Kbits,7893
1851,7,seg-58.m4s,Kbits,6936
1852,7,seg-59.m4s,Kbits,8498
1853,7,seg-60.m4s,Kbits,10180
1854,7,seg-61.m4s,Kbits,8418
1855,7,seg-62.m4s,Kbits,7254
1856,7,seg-63.m4s,Kbits,4887
1857,7,seg-64.m4s,Kbits,7729
1858,7,seg-65.m4s,Kbits,6177
1859,7,seg-66.m4s,Kbits,6882
1860,7,seg-67.m4s,Kbits,7167
1861,7,seg-68.m4s,Kbits,8051
1862,7,seg-69.m4s,Kbits,7307
1863,7,seg-70.m4s,Kbits,8171
1864,7,seg-71.m4s,Kbits,7508
1865,7,seg-72.m4s,Kbits,9193
1866,7,seg-73.m4s,Kbits,6013
1867,7,seg-74.m4s,Kbits,7605
1868,7,seg-75.m4s,Kbits,6697
1869,7,seg-76.m4s,Kbits,6295
1870,7,seg-77.m4s,Kbits,8707
1871,7,seg-78.m4s,Kbits,5749
1872,7,seg-79.m4s,Kbits,3610
1873,7,seg-80.m4s,Kbits,4562
1874,7,seg-81.m4s,Kbits,7391
1875,7,seg-82.m4s,Kbits,7062
1876,7,seg-83.m4s,Kbits,6769
1877,7,seg-84.m4s,Kbits,4354
1878,7,seg-85.m4s,Kbits,7002
1879,7,seg-86.m4s,Kbits,1985
1880,7,seg-87.m4s,Kbits,3101
1881,7,seg-88.m4s,Kbits,4746
1882,7,seg-89.m4s,Kbits,8765
1883,7,seg-90.m4s,Kbits,5496
1884,7,seg-91.m4s,Kbits,8463
1885,7,seg-92.m4s,Kbits,8672
1886,7,seg-93.m4s,Kbits,6922
1887,7,seg-94.m4s,Kbits,9744
1888,7,seg-95.m4s,Kbits,7133
1889,7,seg-96.m4s,Kbits,2515
1890,7,seg-97.m4s,Kbits,9062
1891,7,seg-98.m4s,Kbits,7873
1892,7,seg-99.m4s,Kbits,6084
1893,7,seg-100.m4s,Kbits,4499
1894,7,seg-101.m4s,Kbits,6197
1895,7,seg-102.m4s,Kbits,4199
1896,7,seg-103.m4s,Kbits,3880
1897,7,seg-104.m4s,Kbits,5797
1898,7,seg-105.m4s,Kbits,7150
1899,7,seg-106.m4s,Kbits,10021
1900,7,seg-107.m4s,Kbits,10366
1901,7,seg-108.m4s,Kbits,5040
1902,7,seg-109.m4s,Kbits,5570
1903,7,seg-110.m4s,Kbits,6289
1904,7,seg-111.m4s,Kbits,5150
1905,7,seg-112.m4s,Kbits,2835
1906,7,seg-113.m4s,Kbits,8118
1907,7,seg-114.m4s,Kbits,9260
1908,7,seg-115.m4s,Kbits,6400
1909,7,seg-116.m4s,Kbits,4648
1910,7,seg-117.m4s,Kbits,6368
1911,7,seg-118.m4s,Kbits,4024
1912,7,seg-119.m4s,Kbits,4333
1913,7,seg-120.m4s,Kbits,4194
1914,7,seg-121.m4s,Kbits,4702
1915,7,seg-122.m4s,Kbits,9417
1916,7,seg-123.m4s,Kbits,8521
1917,7,seg-124.m4s,Kbits,9475
1918,7,seg-125.m4s,Kbits,8760
1919,7,seg-126.m4s,Kbits,5577
1920,7,seg-127.m4s,Kbits,8003
1921,7,seg-128.m4s,Kbits,5954
1922,7,seg-129.m4s,Kbits,5050
1923,7,seg-130.m4s,Kbits,9122
1924,7,seg-131.m4s,Kbits,6745
1925,7,seg-132.m4s,Kbits,5218
1926,7,seg-133.m4s,Kbits,5545
1927,7,seg-134.m4s,Kbits,6947
1928,7,seg-135.m4s,Kbits,8145
1929,7,seg-136.m4s,Kbits,9151
1930,7,seg-137.m4s,Kbits,9791
1931,7,seg-138.m4s,Kbits,8449
1932,7,seg-139.m4s,Kbits,6328
1933,7,seg-140.m4s,Kbits,9099
1934,7,seg-141.m4s,Kbits,8618
1935,7,seg-142.m4s,Kbits,8691
1936,7,seg-143.m4s,Kbits,8484
1937,7,seg-144.m4s,Kbits,5804
1938,7,seg-145.m4s,Kbits,6257
1939,7,seg-146.m4s,Kbits,5056
1940,7,seg-147.m4s,Kbits,8040
1941,7,seg-148.m4s,Kbits,7644
1942,7,seg-149.m4s,Kbits,5495
1943,7,seg-150.m4s,Kbits,5833
1944,7,seg-151.m4s,Kbits,6142
1945,7,seg-152.m4s,Kbits,8912
1946,7,seg-153.m4s,Kbits,9154
1947,7,seg-154.m4s,Kbits,7548
1948,7,seg-155.m4s,Kbits,7807
1949,7,seg-156.m4s,Kbits,8134
1950,7,seg-157.m4s,Kbits,9612
1951,7,seg-158.m4s,Kbits,10476
1952,7,seg-159.m4s,Kbits,7974
1953,7,seg-160.m4s,Kbits,8463
1954,7,seg-161.m4s,Kbits,9778
1955,7,seg-162.m4s,Kbits,4912
1956,7,seg-163.m4s,Kbits,8271
1957,7,seg-164.m4s,Kbits,9932
1958,7,seg-165.m4s,Kbits,8162
1959,7,seg-166.m4s,Kbits,7638
1960,7,seg-167.m4s,Kbits,5721
1961,7,seg-168.m4s,Kbits,7861
1962,7,seg-169.m4s,Kbits,5957
1963,7,seg-170.m4s,Kbits,2793
1964,7,seg-171.m4s,Kbits,7310
1965,7,seg-172.m4s,Kbits,10134
1966,7,seg-173.m4s,Kbits,9904
1967,7,seg-174.m4s,Kbits,9865
1968,7,seg-175.m4s,Kbits,9796
1969,7,seg-176.m4s,Kbits,10381
1970,7,seg-177.m4s,Kbits,8932
1971,7,seg-178.m4s,Kbits,9383
1972,7,seg-179.m4s,Kbits,9270
1973,7,seg-180.m4s,Kbits,10337
1974,7,seg-181.m4s,Kbits,8615
1975,7,seg-182.m4s,Kbits,8927
1976,7,seg-183.m4s,Kbits,10196
1977,7,seg-184.m4s,Kbits,10030
1978,7,seg-185.m4s,Kbits,9612
1979,7,seg-186.m4s,Kbits,7851
1980,7,seg-187.m4s,Kbits,7490
1981,7,seg-188.m4s,Kbits,6023
1982,7,seg-189.m4s,Kbits,7710
1983,7,seg-190.m4s,Kbits,6709
1984,7,seg-191.m4s,Kbits,7399
1985,7,seg-192.m4s,Kbits,3062
1986,7,seg-193.m4s,Kbits,4032
1987,7,seg-194.m4s,Kbits,2554
1988,7,seg-195.m4s,Kbits,3873
1989,7,seg-196.m4s,Kbits,5415
1990,7,seg-197.m4s,Kbits,5697
1991,7,seg-198.m4s,Kbits,5845
1992,7,seg-199.m4s,Kbits,4217
1993,7,seg-200.m4s,Kbits,6260
1994,7,seg-201.m4s,Kbits,2871
1995,7,seg-202.m4s,Kbits,4303
1996,7,seg-203.m4s,Kbits,6909
1997,7,seg-204.m4s,Kbits,5591
1998,7,seg-205.m4s,Kbits,5803
1999,7,seg-206.m4s,Kbits,7228
2000,7,seg-207.m4s,Kbits,6026
2001,7,seg-208.m4s,Kbits,7623
2002,7,seg-209.m4s,Kbits,5653
2003,7,seg-210.m4s,Kbits,5186
2004,7,seg-211.m4s,Kbits,9730
2005,7,seg-212.m4s,Kbits,9968
2006,7,seg-213.m4s,Kbits,6901
2007,7,seg-214.m4s,Kbits,9741
2008,7,seg-215.m4s,Kbits,5630
2009,7,seg-216.m4s,Kbits,9119
2010,7,seg-217.m4s,Kbits,11551
2011,7,seg-218.m4s,Kbits,6955
2012,7,seg-219.m4s,Kbits,7550
2013,7,seg-220.m4s,Kbits,4583
2014,7,seg-221.m4s,Kbits,3452
2015,7,seg-222.m4s,Kbits,8505
2016,7,seg-223.m4s,Kbits,8903
2017,7,seg-224.m4s,Kbits,3594
2018,7,seg-225.m4s,Kbits,3508
2019,7,seg-226.m4s,Kbits,5323
2020,7,seg-227.m4s,Kbits,6082
2021,7,seg-228.m4s,Kbits,2256
2022,7,seg-229.m4s,Kbits,5929
2023,7,seg-230.m4s,Kbits,7213
2024,7,seg-231.m4s,Kbits,4124
2025,7,seg-232.m4s,Kbits,7888
2026,7,seg-233.m4s,Kbits,10365
2027,7,seg-234.m4s,Kbits,9585
2028,7,seg-235.m4s,Kbits,10375
2029,7,seg-236.m4s,Kbits,8036
2030,7,seg-237.m4s,Kbits,4222
2031,7,seg-238.m4s,Kbits,5777
2032,7,seg-239.m4s,Kbits,4263
2033,7,seg-240.m4s,Kbits,5996
2034,7,seg-241.m4s,Kbits,5097
2035,7,seg-242.m4s,Kbits,2524
2036,7,seg-243.m4s,Kbits,4945
2037,7,seg-244.m4s,Kbits,4440
2038,7,seg-245.m4s,Kbits,3791
2039,7,seg-246.m4s,Kbits,7465
2040,7,seg-247.m4s,Kbits,4640
2041,7,seg-248.m4s,Kbits,5135
2042,7,seg-249.m4s,Kbits,5475
2043,7,seg-250.m4s,Kbits,5879
2044,7,seg-251.m4s,Kbits,7384
2045,7,seg-252.m4s,Kbits,8523
2046,7,seg-253.m4s,Kbits,9227
2047,7,seg-254.m4s,Kbits,10648
2048,7,seg-255.m4s,Kbits,9226
2049,7,seg-256.m4s,Kbits,9893
2050,7,seg-257.m4s,Kbits,9660
2051,7,seg-258.m4s,Kbits,9866
2052,7,seg-259.m4s,Kbits,10024
2053,7,seg-260.m4s,Kbits,9979
2054,7,seg-261.m4s,Kbits,10045
2055,7,seg-262.m4s,Kbits,10351
2056,7,seg-263.m4s,Kbits,8940
2057,7,seg-264.m4s,Kbits,8795
2058,7,seg-265.m4s,Kbits,9747
2059,7,seg-266.m4s,Kbits,9731
2060,7,seg-267.m4s,Kbits,8901
2061,7,seg-268.m4s,Kbits,9306
2062,7,seg-269.m4s,Kbits,8908
2063,7,seg-270.m4s,Kbits,9859
2064,7,seg-271.m4s,Kbits,9844
2065,7,seg-272.m4s,Kbits,9918
2066,7,seg-273.m4s,Kbits,10038
2067,7,seg-274.m4s,Kbits,9754
2068,7,seg-275.m4s,Kbits,9648
2069,7,seg-276.m4s,Kbits,9854
2070,7,seg-277.m4s,Kbits,9875
2071,7,seg-278.m4s,Kbits,10163
2072,7,seg-279.m4s,Kbits,9897
2073,7,seg-280.m4s,Kbits,10012
2074,7,seg-281.m4s,Kbits,10164
2075,7,seg-282.m4s,Kbits,9970
2076,7,seg-283.m4s,Kbits,9184
2077,7,seg-284.m4s,Kbits,8254
2078,7,seg-285.m4s,Kbits,9042
2079,7,seg-286.m4s,Kbits,4158
2080,7,seg-287.m4s,Kbits,5360
2081,7,seg-288.m4s,Kbits,4798
2082,7,seg-289.m4s,Kbits,5380
2083,7,seg-290.m4s,Kbits,4093
2084,7,seg-291.m4s,Kbits,1080
2085,7,seg-292.m4s,Kbits,3406
2086,7,seg-293.m4s,Kbits,2556
2087,7,seg-294.m4s,Kbits,1614
2088,7,seg-295.m4s,Kbits,3179
2089,7,seg-296.m4s,Kbits,3611
2090,7,seg-297.m4s,Kbits,3877
2091,7,seg-298.m4s,Kbits,3881
2092,7,seg-299.m4s,Kbits,1158
2093,8,seg-1.m4s,Kbits,8296
2094,8,seg-2.m4s,Kbits,7615
2095,8,seg-3.m4s,Kbits,11571
2096,8,seg-4.m4s,Kbits,11558
2097,8,seg-5.m4s,Kbits,12199
2098,8,seg-6.m4s,Kbits,11172
2099,8,seg-7.m4s,Kbits,10096
2100,8,seg-8.m4s,Kbits,11440
2101,8,seg-9.m4s,Kbits,5174
2102,8,seg-10.m4s,Kbits,3950
2103,8,seg-11.m4s,Kbits,4861
2104,8,seg-12.m4s,Kbits,4915
2105,8,seg-13.m4s,Kbits,12284
2106,8,seg-14.m4s,Kbits,11561
2107,8,seg-15.m4s,Kbits,11470
2108,8,seg-16.m4s,Kbits,12505
2109,8,seg-17.m4s,Kbits,11417
2110,8,seg-18.m4s,Kbits,9871
2111,8,seg-19.m4s,Kbits,9977
2112,8,seg-20.m4s,Kbits,9111
2113,8,seg-21.m4s,Kbits,8100
2114,8,seg-22.m4s,Kbits,7393
2115,8,seg-23.m4s,Kbits,9688
2116,8,seg-24.m4s,Kbits,8699
2117,8,seg-25.m4s,Kbits,11307
2118,8,seg-26.m4s,Kbits,10900
2119,8,seg-27.m4s,Kbits,10733
2120,8,seg-28.m4s,Kbits,12709
2121,8,seg-29.m4s,Kbits,3504
2122,8,seg-30.m4s,Kbits,3016
2123,8,seg-31.m4s,Kbits,4653
2124,8,seg-32.m4s,Kbits,5585
2125,8,seg-33.m4s,Kbits,6211
2126,8,seg-34.m4s,Kbits,8376
2127,8,seg-35.m4s,Kbits,7041
2128,8,seg-36.m4s,Kbits,5221
2129,8,seg-37.m4s,Kbits,5277
2130,8,seg-38.m4s,Kbits,9521
2131,8,seg-39.m4s,Kbits,11924
2132,8,seg-40.m4s,Kbits,12870
2133,8,seg-41.m4s,Kbits,7689
2134,8,seg-42.m4s,Kbits,5914
2135,8,seg-43.m4s,Kbits,2534
2136,8,seg-44.m4s,Kbits,4070
2137,8,seg-45.m4s,Kbits,3729
2138,8,seg-46.m4s,Kbits,6021
2139,8,seg-47.m4s,Kbits,2437
2140,8,seg-48.m4s,Kbits,3620
2141,8,seg-49.m4s,Kbits,4213
2142,8,seg-50.m4s,Kbits,3609
2143,8,seg-51.m4s,Kbits,6635
2144,8,seg-52.m4s,Kbits,6176
2145,8,seg-53.m4s,Kbits,4213
2146,8,seg-54.m4s,Kbits,4063
2147,8,seg-55.m4s,Kbits,3794
2148,8,seg-56.m4s,Kbits,3795
2149,8,seg-57.m4s,Kbits,8202
2150,8,seg-58.m4s,Kbits,7047
2151,8,seg-59.m4s,Kbits,8972
2152,8,seg-60.m4s,Kbits,12263
2153,8,seg-61.m4s,Kbits,9198
2154,8,seg-62.m4s,Kbits,7314
2155,8,seg-63.m4s,Kbits,4952
2156,8,seg-64.m4s,Kbits,7949
2157,8,seg-65.m4s,Kbits,6207
2158,8,seg-66.m4s,Kbits,6907
2159,8,seg-67.m4s,Kbits,7163
2160,8,seg-68.m4s,Kbits,8051
2161,8,seg-69.m4s,Kbits,7317
2162,8,seg-70.m4s,Kbits,8205
2163,8,seg-71.m4s,Kbits,7531
2164,8,seg-72.m4s,Kbits,9193
2165,8,seg-73.m4s,Kbits,6045
2166,8,seg-74.m4s,Kbits,8406
2167,8,seg-75.m4s,Kbits,6786
2168,8,seg-76.m4s,Kbits,6422
2169,8,seg-77.m4s,Kbits,9078
2170,8,seg-78.m4s,Kbits,5761
2171,8,seg-79.m4s,Kbits,3790
2172,8,seg-80.m4s,Kbits,4862
2173,8,seg-81.m4s,Kbits,7723
2174,8,seg-82.m4s,Kbits,7401
2175,8,seg-83.m4s,Kbits,6873
2176,8,seg-84.m4s,Kbits,4364
2177,8,seg-85.m4s,Kbits,7201
2178,8,seg-86.m4s,Kbits,1987
2179,8,seg-87.m4s,Kbits,3101
2180,8,seg-88.m4s,Kbits,4746
2181,8,seg-89.m4s,Kbits,9488
2182,8,seg-90.m4s,Kbits,5548
2183,8,seg-91.m4s,Kbits,9037
2184,8,seg-92.m4s,Kbits,9031
2185,8,seg-93.m4s,Kbits,7358
2186,8,seg-94.m4s,Kbits,10045
2187,8,seg-95.m4s,Kbits,7358
2188,8,seg-96.m4s,Kbits,2523
2189,8,seg-97.m4s,Kbits,10738
2190,8,seg-98.m4s,Kbits,8137
2191,8,seg-99.m4s,Kbits,6821
2192,8,seg-100.m4s,Kbits,4714
2193,8,seg-101.m4s,Kbits,6385
2194,8,seg-102.m4s,Kbits,4221
2195,8,seg-103.m4s,Kbits,4087
2196,8,seg-104.m4s,Kbits,5910
2197,8,seg-105.m4s,Kbits,7482
2198,8,seg-106.m4s,Kbits,10452
2199,8,seg-107.m4s,Kbits,12144
2200,8,seg-108.m4s,Kbits,5120
2201,8,seg-109.m4s,Kbits,5606
2202,8,seg-110.m4s,Kbits,6330
2203,8,seg-111.m4s,Kbits,5212
2204,8,seg-112.m4s,Kbits,3322
2205,8,seg-113.m4s,Kbits,10091
2206,8,seg-114.m4s,Kbits,10091
2207,8,seg-115.m4s,Kbits,6586
2208,8,seg-116.m4s,Kbits,4544
2209,8,seg-117.m4s,Kbits,6767
2210,8,seg-118.m4s,Kbits,4091
2211,8,seg-119.m4s,Kbits,4346
2212,8,seg-120.m4s,Kbits,4193
2213,8,seg-121.m4s,Kbits,4751
2214,8,seg-122.m4s,Kbits,11617
2215,8,seg-123.m4s,Kbits,9788
2216,8,seg-124.m4s,Kbits,9880
2217,8,seg-125.m4s,Kbits,8849
2218,8,seg-126.m4s,Kbits,5654
2219,8,seg-127.m4s,Kbits,8467
2220,8,seg-128.m4s,Kbits,6270
2221,8,seg-129.m4s,Kbits,5460
2222,8,seg-130.m4s,Kbits,9792
2223,8,seg-131.m4s,Kbits,7579
2224,8,seg-132.m4s,Kbits,5414
2225,8,seg-133.m4s,Kbits,5662
2226,8,seg-134.m4s,Kbits,7106
2227,8,seg-135.m4s,Kbits,8154
2228,8,seg-136.m4s,Kbits,11035
2229,8,seg-137.m4s,Kbits,11847
2230,8,seg-138.m4s,Kbits,8563
2231,8,seg-139.m4s,Kbits,6609
2232,8,seg-140.m4s,Kbits,10012
2233,8,seg-141.m4s,Kbits,9290
2234,8,seg-142.m4s,Kbits,8977
2235,8,seg-143.m4s,Kbits,8924
2236,8,seg-144.m4s,Kbits,5705
2237,8,seg-145.m4s,Kbits,6188
2238,8,seg-146.m4s,Kbits,4953
2239,8,seg-147.m4s,Kbits,8595
2240,8,seg-148.m4s,Kbits,7816
2241,8,seg-149.m4s,Kbits,5575
2242,8,seg-150.m4s,Kbits,6373
2243,8,seg-151.m4s,Kbits,6578
2244,8,seg-152.m4s,Kbits,10837
2245,8,seg-153.m4s,Kbits,10749
2246,8,seg-154.m4s,Kbits,7868
2247,8,seg-155.m4s,Kbits,8443
2248,8,seg-156.m4s,Kbits,8530
2249,8,seg-157.m4s,Kbits,10887
2250,8,seg-158.m4s,Kbits,11462
2251,8,seg-159.m4s,Kbits,8610
2252,8,seg-160.m4s,Kbits,9392
2253,8,seg-161.m4s,Kbits,10971
2254,8,seg-162.m4s,Kbits,5286
2255,8,seg-163.m4s,Kbits,8773
2256,8,seg-164.m4s,Kbits,11032
2257,8,seg-165.m4s,Kbits,8775
2258,8,seg-166.m4s,Kbits,7804
2259,8,seg-167.m4s,Kbits,5723
2260,8,seg-168.m4s,Kbits,7967
2261,8,seg-169.m4s,Kbits,6118
2262,8,seg-170.m4s,Kbits,3050
2263,8,seg-171.m4s,Kbits,7608
2264,8,seg-172.m4s,Kbits,11900
2265,8,seg-173.m4s,Kbits,12001
2266,8,seg-174.m4s,Kbits,11878
2267,8,seg-175.m4s,Kbits,11749
2268,8,seg-176.m4s,Kbits,12677
2269,8,seg-177.m4s,Kbits,10713
2270,8,seg-178.m4s,Kbits,11175
2271,8,seg-179.m4s,Kbits,10781
2272,8,seg-180.m4s,Kbits,12485
2273,8,seg-181.m4s,Kbits,10606
2274,8,seg-182.m4s,Kbits,9619
2275,8,seg-183.m4s,Kbits,12354
2276,8,seg-184.m4s,Kbits,11987
2277,8,seg-185.m4s,Kbits,11520
2278,8,seg-186.m4s,Kbits,8826
2279,8,seg-187.m4s,Kbits,8053
2280,8,seg-188.m4s,Kbits,6532
2281,8,seg-189.m4s,Kbits,7893
2282,8,seg-190.m4s,Kbits,7287
2283,8,seg-191.m4s,Kbits,7663
2284,8,seg-192.m4s,Kbits,3073
2285,8,seg-193.m4s,Kbits,4023
2286,8,seg-194.m4s,Kbits,2555
2287,8,seg-195.m4s,Kbits,3903
2288,8,seg-196.m4s,Kbits,5547
2289,8,seg-197.m4s,Kbits,5836
2290,8,seg-198.m4s,Kbits,6221
2291,8,seg-199.m4s,Kbits,4302
2292,8,seg-200.m4s,Kbits,6728
2293,8,seg-201.m4s,Kbits,2872
2294,8,seg-202.m4s,Kbits,4295
2295,8,seg-203.m4s,Kbits,7137
2296,8,seg-204.m4s,Kbits,5761
2297,8,seg-205.m4s,Kbits,6073
2298,8,seg-206.m4s,Kbits,7396
2299,8,seg-207.m4s,Kbits,6268
2300,8,seg-208.m4s,Kbits,7629
2301,8,seg-209.m4s,Kbits,5728
2302,8,seg-210.m4s,Kbits,5269
2303,8,seg-211.m4s,Kbits,11572
2304,8,seg-212.m4s,Kbits,12291
2305,8,seg-213.m4s,Kbits,7303
2306,8,seg-214.m4s,Kbits,11251
2307,8,seg-215.m4s,Kbits,5690
2308,8,seg-216.m4s,Kbits,10149
2309,8,seg-217.m4s,Kbits,13450
2310,8,seg-218.m4s,Kbits,7246
2311,8,seg-219.m4s,Kbits,8341
2312,8,seg-220.m4s,Kbits,4641
2313,8,seg-221.m4s,Kbits,3464
2314,8,seg-222.m4s,Kbits,9602
2315,8,seg-223.m4s,Kbits,10133
2316,8,seg-224.m4s,Kbits,3686
2317,8,seg-225.m4s,Kbits,3518
2318,8,seg-226.m4s,Kbits,5456
2319,8,seg-227.m4s,Kbits,6215
2320,8,seg-228.m4s,Kbits,2260
2321,8,seg-229.m4s,Kbits,5939
2322,8,seg-230.m4s,Kbits,7363
2323,8,seg-231.m4s,Kbits,4374
2324,8,seg-232.m4s,Kbits,9622
2325,8,seg-233.m4s,Kbits,12441
2326,8,seg-234.m4s,Kbits,11535
2327,8,seg-235.m4s,Kbits,12176
2328,8,seg-236.m4s,Kbits,8706
2329,8,seg-237.m4s,Kbits,4293
2330,8,seg-238.m4s,Kbits,5921
2331,8,seg-239.m4s,Kbits,4269
2332,8,seg-240.m4s,Kbits,6168
2333,8,seg-241.m4s,Kbits,5199
2334,8,seg-242.m4s,Kbits,2732
2335,8,seg-243.m4s,Kbits,5144
2336,8,seg-244.m4s,Kbits,4487
2337,8,seg-245.m4s,Kbits,3807
2338,8,seg-246.m4s,Kbits,8498
2339,8,seg-247.m4s,Kbits,5017
2340,8,seg-248.m4s,Kbits,5220
2341,8,seg-249.m4s,Kbits,5491
2342,8,seg-250.m4s,Kbits,5873
2343,8,seg-251.m4s,Kbits,7402
2344,8,seg-252.m4s,Kbits,8540
2345,8,seg-253.m4s,Kbits,9255
2346,8,seg-254.m4s,Kbits,11204
2347,8,seg-255.m4s,Kbits,10889
2348,8,seg-256.m4s,Kbits,10237
2349,8,seg-257.m4s,Kbits,9780
2350,8,seg-258.m4s,Kbits,10701
2351,8,seg-259.m4s,Kbits,11380
2352,8,seg-260.m4s,Kbits,11411
2353,8,seg-261.m4s,Kbits,11069
2354,8,seg-262.m4s,Kbits,11707
2355,8,seg-263.m4s,Kbits,10398
2356,8,seg-264.m4s,Kbits,9815
2357,8,seg-265.m4s,Kbits,10832
2358,8,seg-266.m4s,Kbits,11725
2359,8,seg-267.m4s,Kbits,10753
2360,8,seg-268.m4s,Kbits,11117
2361,8,seg-269.m4s,Kbits,9811
2362,8,seg-270.m4s,Kbits,11546
2363,8,seg-271.m4s,Kbits,11174
2364,8,seg-272.m4s,Kbits,11324
2365,8,seg-273.m4s,Kbits,11599
2366,8,seg-274.m4s,Kbits,11261
2367,8,seg-275.m4s,Kbits,11497
2368,8,seg-276.m4s,Kbits,11786
2369,8,seg-277.m4s,Kbits,11911
2370,8,seg-278.m4s,Kbits,12145
2371,8,seg-279.m4s,Kbits,11945
2372,8,seg-280.m4s,Kbits,12051
2373,8,seg-281.m4s,Kbits,12199
2374,8,seg-282.m4s,Kbits,11308
2375,8,seg-283.m4s,Kbits,9841
2376,8,seg-284.m4s,Kbits,8278
2377,8,seg-285.m4s,Kbits,9071
2378,8,seg-286.m4s,Kbits,4165
2379,8,seg-287.m4s,Kbits,5363
2380,8,seg-288.m4s,Kbits,4785
2381,8,seg-289.m4s,Kbits,5403
2382,8,seg-290.m4s,Kbits,4192
2383,8,seg-291.m4s,Kbits,1080
2384,8,seg-292.m4s,Kbits,3410
2385,8,seg-293.m4s,Kbits,2562
2386,8,seg-294.m4s,Kbits,1614
2387,8,seg-295.m4s,Kbits,3179
2388,8,seg-296.m4s,Kbits,3611
2389,8,seg-297.m4s,Kbits,3877
2390,8,seg-298.m4s,Kbits,3881
2391,8,seg-299.m4s,Kbits,1158
2392,9,seg-1.m4s,Kbits,8375
2393,9,seg-2.m4s,Kbits,8142
2394,9,seg-3.m4s,Kbits,11574
2395,9,seg-4.m4s,Kbits,14421
2396,9,seg-5.m4s,Kbits,16034
2397,9,seg-6.m4s,Kbits,14471
2398,9,seg-7.m4s,Kbits,13660
2399,9,seg-8.m4s,Kbits,13279
2400,9,seg-9.m4s,Kbits,5229
2401,9,seg-10.m4s,Kbits,3977
2402,9,seg-11.m4s,Kbits,4898
2403,9,seg-12.m4s,Kbits,6435
2404,9,seg-13.m4s,Kbits,16502
2405,9,seg-14.m4s,Kbits,15339
2406,9,seg-15.m4s,Kbits,15443
2407,9,seg-16.m4s,Kbits,16634
2408,9,seg-17.m4s,Kbits,15136
2409,9,seg-18.m4s,Kbits,10395
2410,9,seg-19.m4s,Kbits,10185
2411,9,seg-20.m4s,Kbits,9157
2412,9,seg-21.m4s,Kbits,8101
2413,9,seg-22.m4s,Kbits,7389
2414,9,seg-23.m4s,Kbits,9704
2415,9,seg-24.m4s,Kbits,9244
2416,9,seg-25.m4s,Kbits,14577
2417,9,seg-26.m4s,Kbits,11990
2418,9,seg-27.m4s,Kbits,11180
2419,9,seg-28.m4s,Kbits,14141
2420,9,seg-29.m4s,Kbits,3653
2421,9,seg-30.m4s,Kbits,3049
2422,9,seg-31.m4s,Kbits,4734
2423,9,seg-32.m4s,Kbits,5917
2424,9,seg-33.m4s,Kbits,6219
2425,9,seg-34.m4s,Kbits,8408
2426,9,seg-35.m4s,Kbits,7053
2427,9,seg-36.m4s,Kbits,5370
2428,9,seg-37.m4s,Kbits,5313
2429,9,seg-38.m4s,Kbits,10727
2430,9,seg-39.m4s,Kbits,15996
2431,9,seg-40.m4s,Kbits,17225
2432,9,seg-41.m4s,Kbits,7896
2433,9,seg-42.m4s,Kbits,5903
2434,9,seg-43.m4s,Kbits,2545
2435,9,seg-44.m4s,Kbits,4076
2436,9,seg-45.m4s,Kbits,4155
2437,9,seg-46.m4s,Kbits,6298
2438,9,seg-47.m4s,Kbits,2503
2439,9,seg-48.m4s,Kbits,3620
2440,9,seg-49.m4s,Kbits,4210
2441,9,seg-50.m4s,Kbits,4185
2442,9,seg-51.m4s,Kbits,7259
2443,9,seg-52.m4s,Kbits,6227
2444,9,seg-53.m4s,Kbits,4268
2445,9,seg-54.m4s,Kbits,4060
2446,9,seg-55.m4s,Kbits,3793
2447,9,seg-56.m4s,Kbits,3804
2448,9,seg-57.m4s,Kbits,8598
2449,9,seg-58.m4s,Kbits,7261
2450,9,seg-59.m4s,Kbits,9238
2451,9,seg-60.m4s,Kbits,14299
2452,9,seg-61.m4s,Kbits,9755
2453,9,seg-62.m4s,Kbits,7398
2454,9,seg-63.m4s,Kbits,5181
2455,9,seg-64.m4s,Kbits,8118
2456,9,seg-65.m4s,Kbits,6241
2457,9,seg-66.m4s,Kbits,6913
2458,9,seg-67.m4s,Kbits,7156
2459,9,seg-68.m4s,Kbits,8051
2460,9,seg-69.m4s,Kbits,7317
2461,9,seg-70.m4s,Kbits,8205
2462,9,seg-71.m4s,Kbits,7531
2463,9,seg-72.m4s,Kbits,9193
2464,9,seg-73.m4s,Kbits,6045
2465,9,seg-74.m4s,Kbits,8653
2466,9,seg-75.m4s,Kbits,6829
2467,9,seg-76.m4s,Kbits,6473
2468,9,seg-77.m4s,Kbits,9328
2469,9,seg-78.m4s,Kbits,5821
2470,9,seg-79.m4s,Kbits,3853
2471,9,seg-80.m4s,Kbits,4940
2472,9,seg-81.m4s,Kbits,8015
2473,9,seg-82.m4s,Kbits,7726
2474,9,seg-83.m4s,Kbits,7113
2475,9,seg-84.m4s,Kbits,4421
2476,9,seg-85.m4s,Kbits,7374
2477,9,seg-86.m4s,Kbits,1984
2478,9,seg-87.m4s,Kbits,3101
2479,9,seg-88.m4s,Kbits,4746
2480,9,seg-89.m4s,Kbits,10007
2481,9,seg-90.m4s,Kbits,5697
2482,9,seg-91.m4s,Kbits,9346
2483,9,seg-92.m4s,Kbits,9266
2484,9,seg-93.m4s,Kbits,7648
2485,9,seg-94.m4s,Kbits,10205
2486,9,seg-95.m4s,Kbits,7390
2487,9,seg-96.m4s,Kbits,2599
2488,9,seg-97.m4s,Kbits,12034
2489,9,seg-98.m4s,Kbits,8755
2490,9,seg-99.m4s,Kbits,7109
2491,9,seg-100.m4s,Kbits,4881
2492,9,seg-101.m4s,Kbits,6581
2493,9,seg-102.m4s,Kbits,4219
2494,9,seg-103.m4s,Kbits,4193
2495,9,seg-104.m4s,Kbits,5973
2496,9,seg-105.m4s,Kbits,7824
2497,9,seg-106.m4s,Kbits,10480
2498,9,seg-107.m4s,Kbits,13061
2499,9,seg-108.m4s,Kbits,5126
2500,9,seg-109.m4s,Kbits,5615
2501,9,seg-110.m4s,Kbits,6330
2502,9,seg-111.m4s,Kbits,5295
2503,9,seg-112.m4s,Kbits,3206
2504,9,seg-113.m4s,Kbits,12156
2505,9,seg-114.m4s,Kbits,10794
2506,9,seg-115.m4s,Kbits,6970
2507,9,seg-116.m4s,Kbits,4372
2508,9,seg-117.m4s,Kbits,7407
2509,9,seg-118.m4s,Kbits,4137
2510,9,seg-119.m4s,Kbits,4349
2511,9,seg-120.m4s,Kbits,4188
2512,9,seg-121.m4s,Kbits,4751
2513,9,seg-122.m4s,Kbits,15207
2514,9,seg-123.m4s,Kbits,11310
2515,9,seg-124.m4s,Kbits,10006
2516,9,seg-125.m4s,Kbits,8859
2517,9,seg-126.m4s,Kbits,5641
2518,9,seg-127.m4s,Kbits,8628
2519,9,seg-128.m4s,Kbits,6386
2520,9,seg-129.m4s,Kbits,5840
2521,9,seg-130.m4s,Kbits,10733
2522,9,seg-131.m4s,Kbits,8070
2523,9,seg-132.m4s,Kbits,5502
2524,9,seg-133.m4s,Kbits,5746
2525,9,seg-134.m4s,Kbits,7245
2526,9,seg-135.m4s,Kbits,8187
2527,9,seg-136.m4s,Kbits,13730
2528,9,seg-137.m4s,Kbits,15773
2529,9,seg-138.m4s,Kbits,8861
2530,9,seg-139.m4s,Kbits,7075
2531,9,seg-140.m4s,Kbits,11024
2532,9,seg-141.m4s,Kbits,10030
2533,9,seg-142.m4s,Kbits,9159
2534,9,seg-143.m4s,Kbits,8955
2535,9,seg-144.m4s,Kbits,5517
2536,9,seg-145.m4s,Kbits,6204
2537,9,seg-146.m4s,Kbits,5060
2538,9,seg-147.m4s,Kbits,8889
2539,9,seg-148.m4s,Kbits,7834
2540,9,seg-149.m4s,Kbits,5707
2541,9,seg-150.m4s,Kbits,7282
2542,9,seg-151.m4s,Kbits,10046
2543,9,seg-152.m4s,Kbits,14501
2544,9,seg-153.m4s,Kbits,13510
2545,9,seg-154.m4s,Kbits,8176
2546,9,seg-155.m4s,Kbits,8697
2547,9,seg-156.m4s,Kbits,8681
2548,9,seg-157.m4s,Kbits,11644
2549,9,seg-158.m4s,Kbits,11542
2550,9,seg-159.m4s,Kbits,8898
2551,9,seg-160.m4s,Kbits,9473
2552,9,seg-161.m4s,Kbits,11885
2553,9,seg-162.m4s,Kbits,5605
2554,9,seg-163.m4s,Kbits,9099
2555,9,seg-164.m4s,Kbits,11830
2556,9,seg-165.m4s,Kbits,8901
2557,9,seg-166.m4s,Kbits,7909
2558,9,seg-167.m4s,Kbits,5723
2559,9,seg-168.m4s,Kbits,8064
2560,9,seg-169.m4s,Kbits,6276
2561,9,seg-170.m4s,Kbits,3390
2562,9,seg-171.m4s,Kbits,8170
2563,9,seg-172.m4s,Kbits,13073
2564,9,seg-173.m4s,Kbits,15891
2565,9,seg-174.m4s,Kbits,15322
2566,9,seg-175.m4s,Kbits,14642
2567,9,seg-176.m4s,Kbits,17115
2568,9,seg-177.m4s,Kbits,13842
2569,9,seg-178.m4s,Kbits,14018
2570,9,seg-179.m4s,Kbits,12433
2571,9,seg-180.m4s,Kbits,16723
2572,9,seg-181.m4s,Kbits,14578
2573,9,seg-182.m4s,Kbits,10040
2574,9,seg-183.m4s,Kbits,16732
2575,9,seg-184.m4s,Kbits,16001
2576,9,seg-185.m4s,Kbits,14744
2577,9,seg-186.m4s,Kbits,10720
2578,9,seg-187.m4s,Kbits,8409
2579,9,seg-188.m4s,Kbits,7106
2580,9,seg-189.m4s,Kbits,8301
2581,9,seg-190.m4s,Kbits,7429
2582,9,seg-191.m4s,Kbits,7733
2583,9,seg-192.m4s,Kbits,3105
2584,9,seg-193.m4s,Kbits,4050
2585,9,seg-194.m4s,Kbits,2584
2586,9,seg-195.m4s,Kbits,3903
2587,9,seg-196.m4s,Kbits,5542
2588,9,seg-197.m4s,Kbits,6046
2589,9,seg-198.m4s,Kbits,6617
2590,9,seg-199.m4s,Kbits,4365
2591,9,seg-200.m4s,Kbits,7361
2592,9,seg-201.m4s,Kbits,2906
2593,9,seg-202.m4s,Kbits,4327
2594,9,seg-203.m4s,Kbits,7402
2595,9,seg-204.m4s,Kbits,6376
2596,9,seg-205.m4s,Kbits,6228
2597,9,seg-206.m4s,Kbits,7504
2598,9,seg-207.m4s,Kbits,6342
2599,9,seg-208.m4s,Kbits,7642
2600,9,seg-209.m4s,Kbits,5731
2601,9,seg-210.m4s,Kbits,5357
2602,9,seg-211.m4s,Kbits,14665
2603,9,seg-212.m4s,Kbits,16505
2604,9,seg-213.m4s,Kbits,8159
2605,9,seg-214.m4s,Kbits,13644
2606,9,seg-215.m4s,Kbits,5753
2607,9,seg-216.m4s,Kbits,12772
2608,9,seg-217.m4s,Kbits,18118
2609,9,seg-218.m4s,Kbits,7714
2610,9,seg-219.m4s,Kbits,8745
2611,9,seg-220.m4s,Kbits,4654
2612,9,seg-221.m4s,Kbits,3443
2613,9,seg-222.m4s,Kbits,11230
2614,9,seg-223.m4s,Kbits,11755
2615,9,seg-224.m4s,Kbits,3785
2616,9,seg-225.m4s,Kbits,3541
2617,9,seg-226.m4s,Kbits,5666
2618,9,seg-227.m4s,Kbits,6280
2619,9,seg-228.m4s,Kbits,2349
2620,9,seg-229.m4s,Kbits,5985
2621,9,seg-230.m4s,Kbits,7402
2622,9,seg-231.m4s,Kbits,4717
2623,9,seg-232.m4s,Kbits,13295
2624,9,seg-233.m4s,Kbits,16722
2625,9,seg-234.m4s,Kbits,14202
2626,9,seg-235.m4s,Kbits,12638
2627,9,seg-236.m4s,Kbits,8757
2628,9,seg-237.m4s,Kbits,4330
2629,9,seg-238.m4s,Kbits,6046
2630,9,seg-239.m4s,Kbits,4322
2631,9,seg-240.m4s,Kbits,6191
2632,9,seg-241.m4s,Kbits,5256
2633,9,seg-242.m4s,Kbits,2990
2634,9,seg-243.m4s,Kbits,5230
2635,9,seg-244.m4s,Kbits,4548
2636,9,seg-245.m4s,Kbits,3817
2637,9,seg-246.m4s,Kbits,10110
2638,9,seg-247.m4s,Kbits,5127
2639,9,seg-248.m4s,Kbits,5255
2640,9,seg-249.m4s,Kbits,5507
2641,9,seg-250.m4s,Kbits,5869
2642,9,seg-251.m4s,Kbits,7402
2643,9,seg-252.m4s,Kbits,8535
2644,9,seg-253.m4s,Kbits,9258
2645,9,seg-254.m4s,Kbits,11406
2646,9,seg-255.m4s,Kbits,12455
2647,9,seg-256.m4s,Kbits,10261
2648,9,seg-257.m4s,Kbits,9792
2649,9,seg-258.m4s,Kbits,10720
2650,9,seg-259.m4s,Kbits,11469
2651,9,seg-260.m4s,Kbits,11410
2652,9,seg-261.m4s,Kbits,11322
2653,9,seg-262.m4s,Kbits,12919
2654,9,seg-263.m4s,Kbits,11700
2655,9,seg-264.m4s,Kbits,10554
2656,9,seg-265.m4s,Kbits,10825
2657,9,seg-266.m4s,Kbits,12667
2658,9,seg-267.m4s,Kbits,12489
2659,9,seg-268.m4s,Kbits,12418
2660,9,seg-269.m4s,Kbits,10453
2661,9,seg-270.m4s,Kbits,12353
2662,9,seg-271.m4s,Kbits,11600
2663,9,seg-272.m4s,Kbits,11503
2664,9,seg-273.m4s,Kbits,12036
2665,9,seg-274.m4s,Kbits,11491
2666,9,seg-275.m4s,Kbits,12205
2667,9,seg-276.m4s,Kbits,13416
2668,9,seg-277.m4s,Kbits,14874
2669,9,seg-278.m4s,Kbits,15857
2670,9,seg-279.m4s,Kbits,15887
2671,9,seg-280.m4s,Kbits,15669
2672,9,seg-281.m4s,Kbits,14543
2673,9,seg-282.m4s,Kbits,12537
2674,9,seg-283.m4s,Kbits,10084
2675,9,seg-284.m4s,Kbits,8299
2676,9,seg-285.m4s,Kbits,9097
2677,9,seg-286.m4s,Kbits,4179
2678,9,seg-287.m4s,Kbits,5361
2679,9,seg-288.m4s,Kbits,4794
2680,9,seg-289.m4s,Kbits,5403
2681,9,seg-290.m4s,Kbits,4589
2682,9,seg-291.m4s,Kbits,1078
2683,9,seg-292.m4s,Kbits,3410
2684,9,seg-293.m4s,Kbits,2562
2685,9,seg-294.m4s,Kbits,1614
2686,9,seg-295.m4s,Kbits,3179
2687,9,seg-296.m4s,Kbits,3611
2688,9,seg-297.m4s,Kbits,3877
2689,9,seg-298.m4s,Kbits,3881
2690,9,seg-299.m4s,Kbits,1158
